candidate_id,split_idx,sharpe_ratio,total_return,max_drawdown,trade_count,dataset,selection_score,eligible_for_selection,family,strategy_name,candidate_label,params_json,rsi_window,long_entry_threshold,long_exit_threshold,short_entry_threshold
"rsi_reversion_ls|rsi_window=14,long_entry_threshold=20,long_exit_threshold=45,short_entry_threshold=70",0,6.118329748306314,0.15884233891101507,-0.05589625071220583,130,train,6.118329748306314,True,rsi_reversion_ls,rsi_reversion_ls,"rsi_window=14, long_entry_threshold=20, long_exit_threshold=45, short_entry_threshold=70","{""long_entry_threshold"": 20, ""long_exit_threshold"": 45, ""rsi_window"": 14, ""short_entry_threshold"": 70}",14,20,45,70
"rsi_reversion_ls|rsi_window=14,long_entry_threshold=20,long_exit_threshold=45,short_entry_threshold=70",1,-7.420813621612639,-0.11117903800274109,-0.12675390919873875,140,train,-7.420813621612639,True,rsi_reversion_ls,rsi_reversion_ls,"rsi_window=14, long_entry_threshold=20, long_exit_threshold=45, short_entry_threshold=70","{""long_entry_threshold"": 20, ""long_exit_threshold"": 45, ""rsi_window"": 14, ""short_entry_threshold"": 70}",14,20,45,70
"rsi_reversion_ls|rsi_window=14,long_entry_threshold=20,long_exit_threshold=45,short_entry_threshold=75",0,5.685600665172714,0.1342406226998471,-0.05724709924926308,102,train,5.685600665172714,True,rsi_reversion_ls,rsi_reversion_ls,"rsi_window=14, long_entry_threshold=20, long_exit_threshold=45, short_entry_threshold=75","{""long_entry_threshold"": 20, ""long_exit_threshold"": 45, ""rsi_window"": 14, ""short_entry_threshold"": 75}",14,20,45,75
"rsi_reversion_ls|rsi_window=14,long_entry_threshold=20,long_exit_threshold=45,short_entry_threshold=75",1,-3.005403764034472,-0.042981651533682226,-0.06347646677063556,116,train,-3.005403764034472,True,rsi_reversion_ls,rsi_reversion_ls,"rsi_window=14, long_entry_threshold=20, long_exit_threshold=45, short_entry_threshold=75","{""long_entry_threshold"": 20, ""long_exit_threshold"": 45, ""rsi_window"": 14, ""short_entry_threshold"": 75}",14,20,45,75
"rsi_reversion_ls|rsi_window=14,long_entry_threshold=20,long_exit_threshold=45,short_entry_threshold=80",0,7.368058965450817,0.1595339328787418,-0.03761012675899622,76,train,7.368058965450817,True,rsi_reversion_ls,rsi_reversion_ls,"rsi_window=14, long_entry_threshold=20, long_exit_threshold=45, short_entry_threshold=80","{""long_entry_threshold"": 20, ""long_exit_threshold"": 45, ""rsi_window"": 14, ""short_entry_threshold"": 80}",14,20,45,80
"rsi_reversion_ls|rsi_window=14,long_entry_threshold=20,long_exit_threshold=45,short_entry_threshold=80",1,-0.4310626906981348,-0.006711713296696189,-0.05905240074446927,87,train,-0.4310626906981348,True,rsi_reversion_ls,rsi_reversion_ls,"rsi_window=14, long_entry_threshold=20, long_exit_threshold=45, short_entry_threshold=80","{""long_entry_threshold"": 20, ""long_exit_threshold"": 45, ""rsi_window"": 14, ""short_entry_threshold"": 80}",14,20,45,80
"rsi_reversion_ls|rsi_window=14,long_entry_threshold=20,long_exit_threshold=50,short_entry_threshold=70",0,6.517367265455573,0.16862125109123804,-0.05677361229807354,136,train,6.517367265455573,True,rsi_reversion_ls,rsi_reversion_ls,"rsi_window=14, long_entry_threshold=20, long_exit_threshold=50, short_entry_threshold=70","{""long_entry_threshold"": 20, ""long_exit_threshold"": 50, ""rsi_window"": 14, ""short_entry_threshold"": 70}",14,20,50,70
"rsi_reversion_ls|rsi_window=14,long_entry_threshold=20,long_exit_threshold=50,short_entry_threshold=70",1,-6.674858609629803,-0.09589681616090956,-0.11883212675234578,144,train,-6.674858609629803,True,rsi_reversion_ls,rsi_reversion_ls,"rsi_window=14, long_entry_threshold=20, long_exit_threshold=50, short_entry_threshold=70","{""long_entry_threshold"": 20, ""long_exit_threshold"": 50, ""rsi_window"": 14, ""short_entry_threshold"": 70}",14,20,50,70
"rsi_reversion_ls|rsi_window=14,long_entry_threshold=20,long_exit_threshold=50,short_entry_threshold=75",0,5.673906895302849,0.13410860371661146,-0.05339838898300686,104,train,5.673906895302849,True,rsi_reversion_ls,rsi_reversion_ls,"rsi_window=14, long_entry_threshold=20, long_exit_threshold=50, short_entry_threshold=75","{""long_entry_threshold"": 20, ""long_exit_threshold"": 50, ""rsi_window"": 14, ""short_entry_threshold"": 75}",14,20,50,75
"rsi_reversion_ls|rsi_window=14,long_entry_threshold=20,long_exit_threshold=50,short_entry_threshold=75",1,-2.987975741287227,-0.04140982329535132,-0.06594539554067802,117,train,-2.987975741287227,True,rsi_reversion_ls,rsi_reversion_ls,"rsi_window=14, long_entry_threshold=20, long_exit_threshold=50, short_entry_threshold=75","{""long_entry_threshold"": 20, ""long_exit_threshold"": 50, ""rsi_window"": 14, ""short_entry_threshold"": 75}",14,20,50,75
"rsi_reversion_ls|rsi_window=14,long_entry_threshold=20,long_exit_threshold=50,short_entry_threshold=80",0,7.467149506694266,0.16234266111433432,-0.040756094176463864,75,train,7.467149506694266,True,rsi_reversion_ls,rsi_reversion_ls,"rsi_window=14, long_entry_threshold=20, long_exit_threshold=50, short_entry_threshold=80","{""long_entry_threshold"": 20, ""long_exit_threshold"": 50, ""rsi_window"": 14, ""short_entry_threshold"": 80}",14,20,50,80
"rsi_reversion_ls|rsi_window=14,long_entry_threshold=20,long_exit_threshold=50,short_entry_threshold=80",1,-0.943115004430151,-0.012674639941237388,-0.059273056749628905,88,train,-0.943115004430151,True,rsi_reversion_ls,rsi_reversion_ls,"rsi_window=14, long_entry_threshold=20, long_exit_threshold=50, short_entry_threshold=80","{""long_entry_threshold"": 20, ""long_exit_threshold"": 50, ""rsi_window"": 14, ""short_entry_threshold"": 80}",14,20,50,80
"rsi_reversion_ls|rsi_window=14,long_entry_threshold=20,long_exit_threshold=55,short_entry_threshold=70",0,4.432778917066702,0.11189046283327093,-0.05343126258316655,141,train,4.432778917066702,True,rsi_reversion_ls,rsi_reversion_ls,"rsi_window=14, long_entry_threshold=20, long_exit_threshold=55, short_entry_threshold=70","{""long_entry_threshold"": 20, ""long_exit_threshold"": 55, ""rsi_window"": 14, ""short_entry_threshold"": 70}",14,20,55,70
"rsi_reversion_ls|rsi_window=14,long_entry_threshold=20,long_exit_threshold=55,short_entry_threshold=70",1,-7.3181024766450316,-0.10280571925568893,-0.12367188908400428,146,train,-7.3181024766450316,True,rsi_reversion_ls,rsi_reversion_ls,"rsi_window=14, long_entry_threshold=20, long_exit_threshold=55, short_entry_threshold=70","{""long_entry_threshold"": 20, ""long_exit_threshold"": 55, ""rsi_window"": 14, ""short_entry_threshold"": 70}",14,20,55,70
"rsi_reversion_ls|rsi_window=14,long_entry_threshold=20,long_exit_threshold=55,short_entry_threshold=75",0,3.265824942932302,0.07499517570250919,-0.05613452771003635,104,train,3.265824942932302,True,rsi_reversion_ls,rsi_reversion_ls,"rsi_window=14, long_entry_threshold=20, long_exit_threshold=55, short_entry_threshold=75","{""long_entry_threshold"": 20, ""long_exit_threshold"": 55, ""rsi_window"": 14, ""short_entry_threshold"": 75}",14,20,55,75
"rsi_reversion_ls|rsi_window=14,long_entry_threshold=20,long_exit_threshold=55,short_entry_threshold=75",1,-3.1926483589483383,-0.04332073735844892,-0.06650631276973007,118,train,-3.1926483589483383,True,rsi_reversion_ls,rsi_reversion_ls,"rsi_window=14, long_entry_threshold=20, long_exit_threshold=55, short_entry_threshold=75","{""long_entry_threshold"": 20, ""long_exit_threshold"": 55, ""rsi_window"": 14, ""short_entry_threshold"": 75}",14,20,55,75
"rsi_reversion_ls|rsi_window=14,long_entry_threshold=20,long_exit_threshold=55,short_entry_threshold=80",0,4.05359378366448,0.08857722601712226,-0.0414823126220184,74,train,4.05359378366448,True,rsi_reversion_ls,rsi_reversion_ls,"rsi_window=14, long_entry_threshold=20, long_exit_threshold=55, short_entry_threshold=80","{""long_entry_threshold"": 20, ""long_exit_threshold"": 55, ""rsi_window"": 14, ""short_entry_threshold"": 80}",14,20,55,80
"rsi_reversion_ls|rsi_window=14,long_entry_threshold=20,long_exit_threshold=55,short_entry_threshold=80",1,-1.0391665169295339,-0.013639105786112963,-0.05699190457263725,88,train,-1.0391665169295339,True,rsi_reversion_ls,rsi_reversion_ls,"rsi_window=14, long_entry_threshold=20, long_exit_threshold=55, short_entry_threshold=80","{""long_entry_threshold"": 20, ""long_exit_threshold"": 55, ""rsi_window"": 14, ""short_entry_threshold"": 80}",14,20,55,80
"rsi_reversion_ls|rsi_window=14,long_entry_threshold=25,long_exit_threshold=45,short_entry_threshold=70",0,5.142638339691805,0.14309345306526006,-0.06250755994514057,162,train,5.142638339691805,True,rsi_reversion_ls,rsi_reversion_ls,"rsi_window=14, long_entry_threshold=25, long_exit_threshold=45, short_entry_threshold=70","{""long_entry_threshold"": 25, ""long_exit_threshold"": 45, ""rsi_window"": 14, ""short_entry_threshold"": 70}",14,25,45,70
"rsi_reversion_ls|rsi_window=14,long_entry_threshold=25,long_exit_threshold=45,short_entry_threshold=70",1,-6.95997059849542,-0.10964767254863546,-0.1308038974618687,165,train,-6.95997059849542,True,rsi_reversion_ls,rsi_reversion_ls,"rsi_window=14, long_entry_threshold=25, long_exit_threshold=45, short_entry_threshold=70","{""long_entry_threshold"": 25, ""long_exit_threshold"": 45, ""rsi_window"": 14, ""short_entry_threshold"": 70}",14,25,45,70
"rsi_reversion_ls|rsi_window=14,long_entry_threshold=25,long_exit_threshold=45,short_entry_threshold=75",0,4.637549100865818,0.11882607881520948,-0.0536582501962396,134,train,4.637549100865818,True,rsi_reversion_ls,rsi_reversion_ls,"rsi_window=14, long_entry_threshold=25, long_exit_threshold=45, short_entry_threshold=75","{""long_entry_threshold"": 25, ""long_exit_threshold"": 45, ""rsi_window"": 14, ""short_entry_threshold"": 75}",14,25,45,75
"rsi_reversion_ls|rsi_window=14,long_entry_threshold=25,long_exit_threshold=45,short_entry_threshold=75",1,-2.7061067960877185,-0.04133278758869596,-0.06733337691324359,141,train,-2.7061067960877185,True,rsi_reversion_ls,rsi_reversion_ls,"rsi_window=14, long_entry_threshold=25, long_exit_threshold=45, short_entry_threshold=75","{""long_entry_threshold"": 25, ""long_exit_threshold"": 45, ""rsi_window"": 14, ""short_entry_threshold"": 75}",14,25,45,75
"rsi_reversion_ls|rsi_window=14,long_entry_threshold=25,long_exit_threshold=45,short_entry_threshold=80",0,5.964601290667949,0.14377564814058702,-0.04493688305211152,108,train,5.964601290667949,True,rsi_reversion_ls,rsi_reversion_ls,"rsi_window=14, long_entry_threshold=25, long_exit_threshold=45, short_entry_threshold=80","{""long_entry_threshold"": 25, ""long_exit_threshold"": 45, ""rsi_window"": 14, ""short_entry_threshold"": 80}",14,25,45,80
"rsi_reversion_ls|rsi_window=14,long_entry_threshold=25,long_exit_threshold=45,short_entry_threshold=80",1,-0.2549594888212059,-0.005000359229611149,-0.06215601219716882,112,train,-0.2549594888212059,True,rsi_reversion_ls,rsi_reversion_ls,"rsi_window=14, long_entry_threshold=25, long_exit_threshold=45, short_entry_threshold=80","{""long_entry_threshold"": 25, ""long_exit_threshold"": 45, ""rsi_window"": 14, ""short_entry_threshold"": 80}",14,25,45,80
"rsi_reversion_ls|rsi_window=14,long_entry_threshold=25,long_exit_threshold=50,short_entry_threshold=70",0,4.922141515700286,0.13779134991339925,-0.06403930024414406,164,train,4.922141515700286,True,rsi_reversion_ls,rsi_reversion_ls,"rsi_window=14, long_entry_threshold=25, long_exit_threshold=50, short_entry_threshold=70","{""long_entry_threshold"": 25, ""long_exit_threshold"": 50, ""rsi_window"": 14, ""short_entry_threshold"": 70}",14,25,50,70
"rsi_reversion_ls|rsi_window=14,long_entry_threshold=25,long_exit_threshold=50,short_entry_threshold=70",1,-6.14602039503282,-0.09419340756181213,-0.1193161228789209,168,train,-6.14602039503282,True,rsi_reversion_ls,rsi_reversion_ls,"rsi_window=14, long_entry_threshold=25, long_exit_threshold=50, short_entry_threshold=70","{""long_entry_threshold"": 25, ""long_exit_threshold"": 50, ""rsi_window"": 14, ""short_entry_threshold"": 70}",14,25,50,70
"rsi_reversion_ls|rsi_window=14,long_entry_threshold=25,long_exit_threshold=50,short_entry_threshold=75",0,4.035592878809541,0.10418919557229424,-0.05914075104846861,132,train,4.035592878809541,True,rsi_reversion_ls,rsi_reversion_ls,"rsi_window=14, long_entry_threshold=25, long_exit_threshold=50, short_entry_threshold=75","{""long_entry_threshold"": 25, ""long_exit_threshold"": 50, ""rsi_window"": 14, ""short_entry_threshold"": 75}",14,25,50,75
"rsi_reversion_ls|rsi_window=14,long_entry_threshold=25,long_exit_threshold=50,short_entry_threshold=75",1,-2.636010293090864,-0.039603756488822,-0.06702147627182153,141,train,-2.636010293090864,True,rsi_reversion_ls,rsi_reversion_ls,"rsi_window=14, long_entry_threshold=25, long_exit_threshold=50, short_entry_threshold=75","{""long_entry_threshold"": 25, ""long_exit_threshold"": 50, ""rsi_window"": 14, ""short_entry_threshold"": 75}",14,25,50,75
"rsi_reversion_ls|rsi_window=14,long_entry_threshold=25,long_exit_threshold=50,short_entry_threshold=80",0,5.365286396220431,0.1316783981262347,-0.048291894490677056,103,train,5.365286396220431,True,rsi_reversion_ls,rsi_reversion_ls,"rsi_window=14, long_entry_threshold=25, long_exit_threshold=50, short_entry_threshold=80","{""long_entry_threshold"": 25, ""long_exit_threshold"": 50, ""rsi_window"": 14, ""short_entry_threshold"": 80}",14,25,50,80
"rsi_reversion_ls|rsi_window=14,long_entry_threshold=25,long_exit_threshold=50,short_entry_threshold=80",1,-0.7016806511124746,-0.010814433563809303,-0.06237594039293237,112,train,-0.7016806511124746,True,rsi_reversion_ls,rsi_reversion_ls,"rsi_window=14, long_entry_threshold=25, long_exit_threshold=50, short_entry_threshold=80","{""long_entry_threshold"": 25, ""long_exit_threshold"": 50, ""rsi_window"": 14, ""short_entry_threshold"": 80}",14,25,50,80
"rsi_reversion_ls|rsi_window=14,long_entry_threshold=25,long_exit_threshold=55,short_entry_threshold=70",0,1.9074676021566859,0.0477411463348451,-0.06814149664352498,165,train,1.9074676021566859,True,rsi_reversion_ls,rsi_reversion_ls,"rsi_window=14, long_entry_threshold=25, long_exit_threshold=55, short_entry_threshold=70","{""long_entry_threshold"": 25, ""long_exit_threshold"": 55, ""rsi_window"": 14, ""short_entry_threshold"": 70}",14,25,55,70
"rsi_reversion_ls|rsi_window=14,long_entry_threshold=25,long_exit_threshold=55,short_entry_threshold=70",1,-6.328748102682956,-0.09593277762220964,-0.12282784810187175,169,train,-6.328748102682956,True,rsi_reversion_ls,rsi_reversion_ls,"rsi_window=14, long_entry_threshold=25, long_exit_threshold=55, short_entry_threshold=70","{""long_entry_threshold"": 25, ""long_exit_threshold"": 55, ""rsi_window"": 14, ""short_entry_threshold"": 70}",14,25,55,70
"rsi_reversion_ls|rsi_window=14,long_entry_threshold=25,long_exit_threshold=55,short_entry_threshold=75",0,0.7243814068242901,0.012974492851521859,-0.06814149664352442,128,train,0.7243814068242901,True,rsi_reversion_ls,rsi_reversion_ls,"rsi_window=14, long_entry_threshold=25, long_exit_threshold=55, short_entry_threshold=75","{""long_entry_threshold"": 25, ""long_exit_threshold"": 55, ""rsi_window"": 14, ""short_entry_threshold"": 75}",14,25,55,75
"rsi_reversion_ls|rsi_window=14,long_entry_threshold=25,long_exit_threshold=55,short_entry_threshold=75",1,-2.400844751973348,-0.03599211202588549,-0.06990533244199548,141,train,-2.400844751973348,True,rsi_reversion_ls,rsi_reversion_ls,"rsi_window=14, long_entry_threshold=25, long_exit_threshold=55, short_entry_threshold=75","{""long_entry_threshold"": 25, ""long_exit_threshold"": 55, ""rsi_window"": 14, ""short_entry_threshold"": 75}",14,25,55,75
"rsi_reversion_ls|rsi_window=14,long_entry_threshold=25,long_exit_threshold=55,short_entry_threshold=80",0,1.231983884098197,0.02577294147743032,-0.08829632061206072,98,train,1.231983884098197,True,rsi_reversion_ls,rsi_reversion_ls,"rsi_window=14, long_entry_threshold=25, long_exit_threshold=55, short_entry_threshold=80","{""long_entry_threshold"": 25, ""long_exit_threshold"": 55, ""rsi_window"": 14, ""short_entry_threshold"": 80}",14,25,55,80
"rsi_reversion_ls|rsi_window=14,long_entry_threshold=25,long_exit_threshold=55,short_entry_threshold=80",1,-0.3422851404251272,-0.006083104816228456,-0.060102312343775055,111,train,-0.3422851404251272,True,rsi_reversion_ls,rsi_reversion_ls,"rsi_window=14, long_entry_threshold=25, long_exit_threshold=55, short_entry_threshold=80","{""long_entry_threshold"": 25, ""long_exit_threshold"": 55, ""rsi_window"": 14, ""short_entry_threshold"": 80}",14,25,55,80
"rsi_reversion_ls|rsi_window=14,long_entry_threshold=30,long_exit_threshold=45,short_entry_threshold=70",0,4.28135725058949,0.12365170508674714,-0.05848386311341358,197,train,4.28135725058949,True,rsi_reversion_ls,rsi_reversion_ls,"rsi_window=14, long_entry_threshold=30, long_exit_threshold=45, short_entry_threshold=70","{""long_entry_threshold"": 30, ""long_exit_threshold"": 45, ""rsi_window"": 14, ""short_entry_threshold"": 70}",14,30,45,70
"rsi_reversion_ls|rsi_window=14,long_entry_threshold=30,long_exit_threshold=45,short_entry_threshold=70",1,-7.170238891152573,-0.11732812975674199,-0.13799821767832154,203,train,-7.170238891152573,True,rsi_reversion_ls,rsi_reversion_ls,"rsi_window=14, long_entry_threshold=30, long_exit_threshold=45, short_entry_threshold=70","{""long_entry_threshold"": 30, ""long_exit_threshold"": 45, ""rsi_window"": 14, ""short_entry_threshold"": 70}",14,30,45,70
"rsi_reversion_ls|rsi_window=14,long_entry_threshold=30,long_exit_threshold=45,short_entry_threshold=75",0,3.7336793834462516,0.09979707064638342,-0.05937875142345672,169,train,3.7336793834462516,True,rsi_reversion_ls,rsi_reversion_ls,"rsi_window=14, long_entry_threshold=30, long_exit_threshold=45, short_entry_threshold=75","{""long_entry_threshold"": 30, ""long_exit_threshold"": 45, ""rsi_window"": 14, ""short_entry_threshold"": 75}",14,30,45,75
"rsi_reversion_ls|rsi_window=14,long_entry_threshold=30,long_exit_threshold=45,short_entry_threshold=75",1,-3.1143285465985646,-0.04960255032724558,-0.07188178398607581,179,train,-3.1143285465985646,True,rsi_reversion_ls,rsi_reversion_ls,"rsi_window=14, long_entry_threshold=30, long_exit_threshold=45, short_entry_threshold=75","{""long_entry_threshold"": 30, ""long_exit_threshold"": 45, ""rsi_window"": 14, ""short_entry_threshold"": 75}",14,30,45,75
"rsi_reversion_ls|rsi_window=14,long_entry_threshold=30,long_exit_threshold=45,short_entry_threshold=80",0,4.8587829043178905,0.1243222973795655,-0.08104212021526158,143,train,4.8587829043178905,True,rsi_reversion_ls,rsi_reversion_ls,"rsi_window=14, long_entry_threshold=30, long_exit_threshold=45, short_entry_threshold=80","{""long_entry_threshold"": 30, ""long_exit_threshold"": 45, ""rsi_window"": 14, ""short_entry_threshold"": 80}",14,30,45,80
"rsi_reversion_ls|rsi_window=14,long_entry_threshold=30,long_exit_threshold=45,short_entry_threshold=80",1,-0.836260414041468,-0.013583536840763827,-0.06615910570921912,150,train,-0.836260414041468,True,rsi_reversion_ls,rsi_reversion_ls,"rsi_window=14, long_entry_threshold=30, long_exit_threshold=45, short_entry_threshold=80","{""long_entry_threshold"": 30, ""long_exit_threshold"": 45, ""rsi_window"": 14, ""short_entry_threshold"": 80}",14,30,45,80
"rsi_reversion_ls|rsi_window=14,long_entry_threshold=30,long_exit_threshold=50,short_entry_threshold=70",0,3.7233997056610546,0.10691980582426436,-0.06523236419493172,196,train,3.7233997056610546,True,rsi_reversion_ls,rsi_reversion_ls,"rsi_window=14, long_entry_threshold=30, long_exit_threshold=50, short_entry_threshold=70","{""long_entry_threshold"": 30, ""long_exit_threshold"": 50, ""rsi_window"": 14, ""short_entry_threshold"": 70}",14,30,50,70
"rsi_reversion_ls|rsi_window=14,long_entry_threshold=30,long_exit_threshold=50,short_entry_threshold=70",1,-5.350248191375124,-0.08743725774073619,-0.1096179058569896,203,train,-5.350248191375124,True,rsi_reversion_ls,rsi_reversion_ls,"rsi_window=14, long_entry_threshold=30, long_exit_threshold=50, short_entry_threshold=70","{""long_entry_threshold"": 30, ""long_exit_threshold"": 50, ""rsi_window"": 14, ""short_entry_threshold"": 70}",14,30,50,70
"rsi_reversion_ls|rsi_window=14,long_entry_threshold=30,long_exit_threshold=50,short_entry_threshold=75",0,2.8165590162532927,0.07422937434808796,-0.06412922118476283,164,train,2.8165590162532927,True,rsi_reversion_ls,rsi_reversion_ls,"rsi_window=14, long_entry_threshold=30, long_exit_threshold=50, short_entry_threshold=75","{""long_entry_threshold"": 30, ""long_exit_threshold"": 50, ""rsi_window"": 14, ""short_entry_threshold"": 75}",14,30,50,75
"rsi_reversion_ls|rsi_window=14,long_entry_threshold=30,long_exit_threshold=50,short_entry_threshold=75",1,-1.977563800845771,-0.03244043822316769,-0.06865671107004656,176,train,-1.977563800845771,True,rsi_reversion_ls,rsi_reversion_ls,"rsi_window=14, long_entry_threshold=30, long_exit_threshold=50, short_entry_threshold=75","{""long_entry_threshold"": 30, ""long_exit_threshold"": 50, ""rsi_window"": 14, ""short_entry_threshold"": 75}",14,30,50,75
"rsi_reversion_ls|rsi_window=14,long_entry_threshold=30,long_exit_threshold=50,short_entry_threshold=80",0,3.9316208439853764,0.1009727159595252,-0.08280531583578743,135,train,3.9316208439853764,True,rsi_reversion_ls,rsi_reversion_ls,"rsi_window=14, long_entry_threshold=30, long_exit_threshold=50, short_entry_threshold=80","{""long_entry_threshold"": 30, ""long_exit_threshold"": 50, ""rsi_window"": 14, ""short_entry_threshold"": 80}",14,30,50,80
"rsi_reversion_ls|rsi_window=14,long_entry_threshold=30,long_exit_threshold=50,short_entry_threshold=80",1,-0.11067245899595723,-0.003436384051384266,-0.06496713119830522,147,train,-0.11067245899595723,True,rsi_reversion_ls,rsi_reversion_ls,"rsi_window=14, long_entry_threshold=30, long_exit_threshold=50, short_entry_threshold=80","{""long_entry_threshold"": 30, ""long_exit_threshold"": 50, ""rsi_window"": 14, ""short_entry_threshold"": 80}",14,30,50,80
"rsi_reversion_ls|rsi_window=14,long_entry_threshold=30,long_exit_threshold=55,short_entry_threshold=70",0,0.7122686130663459,0.013237429878719354,-0.10040676948980354,192,train,0.7122686130663459,True,rsi_reversion_ls,rsi_reversion_ls,"rsi_window=14, long_entry_threshold=30, long_exit_threshold=55, short_entry_threshold=70","{""long_entry_threshold"": 30, ""long_exit_threshold"": 55, ""rsi_window"": 14, ""short_entry_threshold"": 70}",14,30,55,70
"rsi_reversion_ls|rsi_window=14,long_entry_threshold=30,long_exit_threshold=55,short_entry_threshold=70",1,-5.591524058485328,-0.09117859800913447,-0.11848534087610163,203,train,-5.591524058485328,True,rsi_reversion_ls,rsi_reversion_ls,"rsi_window=14, long_entry_threshold=30, long_exit_threshold=55, short_entry_threshold=70","{""long_entry_threshold"": 30, ""long_exit_threshold"": 55, ""rsi_window"": 14, ""short_entry_threshold"": 70}",14,30,55,70
"rsi_reversion_ls|rsi_window=14,long_entry_threshold=30,long_exit_threshold=55,short_entry_threshold=75",0,-0.45616491757388966,-0.020384304596592302,-0.1079971344864964,155,train,-0.45616491757388966,True,rsi_reversion_ls,rsi_reversion_ls,"rsi_window=14, long_entry_threshold=30, long_exit_threshold=55, short_entry_threshold=75","{""long_entry_threshold"": 30, ""long_exit_threshold"": 55, ""rsi_window"": 14, ""short_entry_threshold"": 75}",14,30,55,75
"rsi_reversion_ls|rsi_window=14,long_entry_threshold=30,long_exit_threshold=55,short_entry_threshold=75",1,-1.8699422203499156,-0.03092272499977764,-0.06542040139901406,175,train,-1.8699422203499156,True,rsi_reversion_ls,rsi_reversion_ls,"rsi_window=14, long_entry_threshold=30, long_exit_threshold=55, short_entry_threshold=75","{""long_entry_threshold"": 30, ""long_exit_threshold"": 55, ""rsi_window"": 14, ""short_entry_threshold"": 75}",14,30,55,75
"rsi_reversion_ls|rsi_window=14,long_entry_threshold=30,long_exit_threshold=55,short_entry_threshold=80",0,-0.045197791688000734,-0.008007328434573083,-0.13321915727557576,125,train,-0.045197791688000734,True,rsi_reversion_ls,rsi_reversion_ls,"rsi_window=14, long_entry_threshold=30, long_exit_threshold=55, short_entry_threshold=80","{""long_entry_threshold"": 30, ""long_exit_threshold"": 55, ""rsi_window"": 14, ""short_entry_threshold"": 80}",14,30,55,80
"rsi_reversion_ls|rsi_window=14,long_entry_threshold=30,long_exit_threshold=55,short_entry_threshold=80",1,0.07230556460235123,-0.0008564365738558308,-0.061650756032476384,145,train,0.07230556460235123,True,rsi_reversion_ls,rsi_reversion_ls,"rsi_window=14, long_entry_threshold=30, long_exit_threshold=55, short_entry_threshold=80","{""long_entry_threshold"": 30, ""long_exit_threshold"": 55, ""rsi_window"": 14, ""short_entry_threshold"": 80}",14,30,55,80
"rsi_reversion_ls|rsi_window=21,long_entry_threshold=20,long_exit_threshold=45,short_entry_threshold=70",0,4.781020686694416,0.09308650844000431,-0.07999595515046665,58,train,4.781020686694416,True,rsi_reversion_ls,rsi_reversion_ls,"rsi_window=21, long_entry_threshold=20, long_exit_threshold=45, short_entry_threshold=70","{""long_entry_threshold"": 20, ""long_exit_threshold"": 45, ""rsi_window"": 21, ""short_entry_threshold"": 70}",21,20,45,70
"rsi_reversion_ls|rsi_window=21,long_entry_threshold=20,long_exit_threshold=45,short_entry_threshold=70",1,0.8717193359469538,0.010016416022316094,-0.05147775111711261,63,train,0.8717193359469538,True,rsi_reversion_ls,rsi_reversion_ls,"rsi_window=21, long_entry_threshold=20, long_exit_threshold=45, short_entry_threshold=70","{""long_entry_threshold"": 20, ""long_exit_threshold"": 45, ""rsi_window"": 21, ""short_entry_threshold"": 70}",21,20,45,70
"rsi_reversion_ls|rsi_window=21,long_entry_threshold=20,long_exit_threshold=45,short_entry_threshold=75",0,7.928727030922431,0.12816781289966434,-0.032610795541922255,38,train,7.928727030922431,True,rsi_reversion_ls,rsi_reversion_ls,"rsi_window=21, long_entry_threshold=20, long_exit_threshold=45, short_entry_threshold=75","{""long_entry_threshold"": 20, ""long_exit_threshold"": 45, ""rsi_window"": 21, ""short_entry_threshold"": 75}",21,20,45,75
"rsi_reversion_ls|rsi_window=21,long_entry_threshold=20,long_exit_threshold=45,short_entry_threshold=75",1,1.4126694892113427,0.01513209887860046,-0.04886329093635533,44,train,1.4126694892113427,True,rsi_reversion_ls,rsi_reversion_ls,"rsi_window=21, long_entry_threshold=20, long_exit_threshold=45, short_entry_threshold=75","{""long_entry_threshold"": 20, ""long_exit_threshold"": 45, ""rsi_window"": 21, ""short_entry_threshold"": 75}",21,20,45,75
"rsi_reversion_ls|rsi_window=21,long_entry_threshold=20,long_exit_threshold=45,short_entry_threshold=80",0,2.5927250632125145,0.03272508797177579,-0.03571548667337909,15,train,2.5927250632125145,True,rsi_reversion_ls,rsi_reversion_ls,"rsi_window=21, long_entry_threshold=20, long_exit_threshold=45, short_entry_threshold=80","{""long_entry_threshold"": 20, ""long_exit_threshold"": 45, ""rsi_window"": 21, ""short_entry_threshold"": 80}",21,20,45,80
"rsi_reversion_ls|rsi_window=21,long_entry_threshold=20,long_exit_threshold=45,short_entry_threshold=80",1,2.559918236634477,0.02276002694866611,-0.04516994887601178,28,train,2.559918236634477,True,rsi_reversion_ls,rsi_reversion_ls,"rsi_window=21, long_entry_threshold=20, long_exit_threshold=45, short_entry_threshold=80","{""long_entry_threshold"": 20, ""long_exit_threshold"": 45, ""rsi_window"": 21, ""short_entry_threshold"": 80}",21,20,45,80
"rsi_reversion_ls|rsi_window=21,long_entry_threshold=20,long_exit_threshold=50,short_entry_threshold=70",0,4.436166642069387,0.08410456802893623,-0.07322910542854455,60,train,4.436166642069387,True,rsi_reversion_ls,rsi_reversion_ls,"rsi_window=21, long_entry_threshold=20, long_exit_threshold=50, short_entry_threshold=70","{""long_entry_threshold"": 20, ""long_exit_threshold"": 50, ""rsi_window"": 21, ""short_entry_threshold"": 70}",21,20,50,70
"rsi_reversion_ls|rsi_window=21,long_entry_threshold=20,long_exit_threshold=50,short_entry_threshold=70",1,-0.3420170387480608,-0.005840574140641365,-0.05353920079653118,65,train,-0.3420170387480608,True,rsi_reversion_ls,rsi_reversion_ls,"rsi_window=21, long_entry_threshold=20, long_exit_threshold=50, short_entry_threshold=70","{""long_entry_threshold"": 20, ""long_exit_threshold"": 50, ""rsi_window"": 21, ""short_entry_threshold"": 70}",21,20,50,70
"rsi_reversion_ls|rsi_window=21,long_entry_threshold=20,long_exit_threshold=50,short_entry_threshold=75",0,7.316449561794182,0.11877563599454083,-0.03642045990357967,38,train,7.316449561794182,True,rsi_reversion_ls,rsi_reversion_ls,"rsi_window=21, long_entry_threshold=20, long_exit_threshold=50, short_entry_threshold=75","{""long_entry_threshold"": 20, ""long_exit_threshold"": 50, ""rsi_window"": 21, ""short_entry_threshold"": 75}",21,20,50,75
"rsi_reversion_ls|rsi_window=21,long_entry_threshold=20,long_exit_threshold=50,short_entry_threshold=75",1,2.0274207133526776,0.021534997731114457,-0.045340865773280226,45,train,2.0274207133526776,True,rsi_reversion_ls,rsi_reversion_ls,"rsi_window=21, long_entry_threshold=20, long_exit_threshold=50, short_entry_threshold=75","{""long_entry_threshold"": 20, ""long_exit_threshold"": 50, ""rsi_window"": 21, ""short_entry_threshold"": 75}",21,20,50,75
"rsi_reversion_ls|rsi_window=21,long_entry_threshold=20,long_exit_threshold=50,short_entry_threshold=80",0,3.673504294216933,0.04921006525032499,-0.037845019882734365,15,train,3.673504294216933,True,rsi_reversion_ls,rsi_reversion_ls,"rsi_window=21, long_entry_threshold=20, long_exit_threshold=50, short_entry_threshold=80","{""long_entry_threshold"": 20, ""long_exit_threshold"": 50, ""rsi_window"": 21, ""short_entry_threshold"": 80}",21,20,50,80
"rsi_reversion_ls|rsi_window=21,long_entry_threshold=20,long_exit_threshold=50,short_entry_threshold=80",1,3.364776852559219,0.029730209491098777,-0.045169948876011445,28,train,3.364776852559219,True,rsi_reversion_ls,rsi_reversion_ls,"rsi_window=21, long_entry_threshold=20, long_exit_threshold=50, short_entry_threshold=80","{""long_entry_threshold"": 20, ""long_exit_threshold"": 50, ""rsi_window"": 21, ""short_entry_threshold"": 80}",21,20,50,80
"rsi_reversion_ls|rsi_window=21,long_entry_threshold=20,long_exit_threshold=55,short_entry_threshold=70",0,3.4778026052514233,0.062107989758867464,-0.0732291054285451,60,train,3.4778026052514233,True,rsi_reversion_ls,rsi_reversion_ls,"rsi_window=21, long_entry_threshold=20, long_exit_threshold=55, short_entry_threshold=70","{""long_entry_threshold"": 20, ""long_exit_threshold"": 55, ""rsi_window"": 21, ""short_entry_threshold"": 70}",21,20,55,70
"rsi_reversion_ls|rsi_window=21,long_entry_threshold=20,long_exit_threshold=55,short_entry_threshold=70",1,-1.86939327235114,-0.023549018832827527,-0.052978802778819056,67,train,-1.86939327235114,True,rsi_reversion_ls,rsi_reversion_ls,"rsi_window=21, long_entry_threshold=20, long_exit_threshold=55, short_entry_threshold=70","{""long_entry_threshold"": 20, ""long_exit_threshold"": 55, ""rsi_window"": 21, ""short_entry_threshold"": 70}",21,20,55,70
"rsi_reversion_ls|rsi_window=21,long_entry_threshold=20,long_exit_threshold=55,short_entry_threshold=75",0,6.5852908686081,0.10333778312386835,-0.03477916858982355,38,train,6.5852908686081,True,rsi_reversion_ls,rsi_reversion_ls,"rsi_window=21, long_entry_threshold=20, long_exit_threshold=55, short_entry_threshold=75","{""long_entry_threshold"": 20, ""long_exit_threshold"": 55, ""rsi_window"": 21, ""short_entry_threshold"": 75}",21,20,55,75
"rsi_reversion_ls|rsi_window=21,long_entry_threshold=20,long_exit_threshold=55,short_entry_threshold=75",1,0.36096572398746285,0.0027707750265903996,-0.04528635365888367,45,train,0.36096572398746285,True,rsi_reversion_ls,rsi_reversion_ls,"rsi_window=21, long_entry_threshold=20, long_exit_threshold=55, short_entry_threshold=75","{""long_entry_threshold"": 20, ""long_exit_threshold"": 55, ""rsi_window"": 21, ""short_entry_threshold"": 75}",21,20,55,75
"rsi_reversion_ls|rsi_window=21,long_entry_threshold=20,long_exit_threshold=55,short_entry_threshold=80",0,2.560527364990273,0.03303300021788914,-0.03756025052619505,15,train,2.560527364990273,True,rsi_reversion_ls,rsi_reversion_ls,"rsi_window=21, long_entry_threshold=20, long_exit_threshold=55, short_entry_threshold=80","{""long_entry_threshold"": 20, ""long_exit_threshold"": 55, ""rsi_window"": 21, ""short_entry_threshold"": 80}",21,20,55,80
"rsi_reversion_ls|rsi_window=21,long_entry_threshold=20,long_exit_threshold=55,short_entry_threshold=80",1,2.2783429245786997,0.019071154742237126,-0.045169948876011556,28,train,2.2783429245786997,True,rsi_reversion_ls,rsi_reversion_ls,"rsi_window=21, long_entry_threshold=20, long_exit_threshold=55, short_entry_threshold=80","{""long_entry_threshold"": 20, ""long_exit_threshold"": 55, ""rsi_window"": 21, ""short_entry_threshold"": 80}",21,20,55,80
"rsi_reversion_ls|rsi_window=21,long_entry_threshold=25,long_exit_threshold=45,short_entry_threshold=70",0,7.045148376404403,0.1655892065495914,-0.07999595515046698,74,train,7.045148376404403,True,rsi_reversion_ls,rsi_reversion_ls,"rsi_window=21, long_entry_threshold=25, long_exit_threshold=45, short_entry_threshold=70","{""long_entry_threshold"": 25, ""long_exit_threshold"": 45, ""rsi_window"": 21, ""short_entry_threshold"": 70}",21,25,45,70
"rsi_reversion_ls|rsi_window=21,long_entry_threshold=25,long_exit_threshold=45,short_entry_threshold=70",1,1.9340239157909338,0.025671065787628324,-0.05147775111711417,79,train,1.9340239157909338,True,rsi_reversion_ls,rsi_reversion_ls,"rsi_window=21, long_entry_threshold=25, long_exit_threshold=45, short_entry_threshold=70","{""long_entry_threshold"": 25, ""long_exit_threshold"": 45, ""rsi_window"": 21, ""short_entry_threshold"": 70}",21,25,45,70
"rsi_reversion_ls|rsi_window=21,long_entry_threshold=25,long_exit_threshold=45,short_entry_threshold=75",0,9.811050233389064,0.20299739841193262,-0.043665410772860014,54,train,9.811050233389064,True,rsi_reversion_ls,rsi_reversion_ls,"rsi_window=21, long_entry_threshold=25, long_exit_threshold=45, short_entry_threshold=75","{""long_entry_threshold"": 25, ""long_exit_threshold"": 45, ""rsi_window"": 21, ""short_entry_threshold"": 75}",21,25,45,75
"rsi_reversion_ls|rsi_window=21,long_entry_threshold=25,long_exit_threshold=45,short_entry_threshold=75",1,2.574271102812882,0.030866038665495126,-0.05002494976029126,60,train,2.574271102812882,True,rsi_reversion_ls,rsi_reversion_ls,"rsi_window=21, long_entry_threshold=25, long_exit_threshold=45, short_entry_threshold=75","{""long_entry_threshold"": 25, ""long_exit_threshold"": 45, ""rsi_window"": 21, ""short_entry_threshold"": 75}",21,25,45,75
"rsi_reversion_ls|rsi_window=21,long_entry_threshold=25,long_exit_threshold=45,short_entry_threshold=80",0,5.746967079023622,0.1012241085939138,-0.0479359600427971,31,train,5.746967079023622,True,rsi_reversion_ls,rsi_reversion_ls,"rsi_window=21, long_entry_threshold=25, long_exit_threshold=45, short_entry_threshold=80","{""long_entry_threshold"": 25, ""long_exit_threshold"": 45, ""rsi_window"": 21, ""short_entry_threshold"": 80}",21,25,45,80
"rsi_reversion_ls|rsi_window=21,long_entry_threshold=25,long_exit_threshold=45,short_entry_threshold=80",1,3.822278178228009,0.038612195053908636,-0.04516994887601167,44,train,3.822278178228009,True,rsi_reversion_ls,rsi_reversion_ls,"rsi_window=21, long_entry_threshold=25, long_exit_threshold=45, short_entry_threshold=80","{""long_entry_threshold"": 25, ""long_exit_threshold"": 45, ""rsi_window"": 21, ""short_entry_threshold"": 80}",21,25,45,80
"rsi_reversion_ls|rsi_window=21,long_entry_threshold=25,long_exit_threshold=50,short_entry_threshold=70",0,7.4083255640465335,0.18616450678689261,-0.07322910542854455,76,train,7.4083255640465335,True,rsi_reversion_ls,rsi_reversion_ls,"rsi_window=21, long_entry_threshold=25, long_exit_threshold=50, short_entry_threshold=70","{""long_entry_threshold"": 25, ""long_exit_threshold"": 50, ""rsi_window"": 21, ""short_entry_threshold"": 70}",21,25,50,70
"rsi_reversion_ls|rsi_window=21,long_entry_threshold=25,long_exit_threshold=50,short_entry_threshold=70",1,2.1373278506432416,0.028053515969128057,-0.05497386004938354,81,train,2.1373278506432416,True,rsi_reversion_ls,rsi_reversion_ls,"rsi_window=21, long_entry_threshold=25, long_exit_threshold=50, short_entry_threshold=70","{""long_entry_threshold"": 25, ""long_exit_threshold"": 50, ""rsi_window"": 21, ""short_entry_threshold"": 70}",21,25,50,70
"rsi_reversion_ls|rsi_window=21,long_entry_threshold=25,long_exit_threshold=50,short_entry_threshold=75",0,9.73097975384654,0.22409958375826683,-0.044696187757149564,54,train,9.73097975384654,True,rsi_reversion_ls,rsi_reversion_ls,"rsi_window=21, long_entry_threshold=25, long_exit_threshold=50, short_entry_threshold=75","{""long_entry_threshold"": 25, ""long_exit_threshold"": 50, ""rsi_window"": 21, ""short_entry_threshold"": 75}",21,25,50,75
"rsi_reversion_ls|rsi_window=21,long_entry_threshold=25,long_exit_threshold=50,short_entry_threshold=75",1,4.612324533038869,0.05636240907256342,-0.04620500467212263,61,train,4.612324533038869,True,rsi_reversion_ls,rsi_reversion_ls,"rsi_window=21, long_entry_threshold=25, long_exit_threshold=50, short_entry_threshold=75","{""long_entry_threshold"": 25, ""long_exit_threshold"": 50, ""rsi_window"": 21, ""short_entry_threshold"": 75}",21,25,50,75
"rsi_reversion_ls|rsi_window=21,long_entry_threshold=25,long_exit_threshold=50,short_entry_threshold=80",0,7.186683025408226,0.14798496036802816,-0.041913014317264796,31,train,7.186683025408226,True,rsi_reversion_ls,rsi_reversion_ls,"rsi_window=21, long_entry_threshold=25, long_exit_threshold=50, short_entry_threshold=80","{""long_entry_threshold"": 25, ""long_exit_threshold"": 50, ""rsi_window"": 21, ""short_entry_threshold"": 80}",21,25,50,80
"rsi_reversion_ls|rsi_window=21,long_entry_threshold=25,long_exit_threshold=50,short_entry_threshold=80",1,6.204678991996223,0.06483702194129864,-0.04516994887601111,44,train,6.204678991996223,True,rsi_reversion_ls,rsi_reversion_ls,"rsi_window=21, long_entry_threshold=25, long_exit_threshold=50, short_entry_threshold=80","{""long_entry_threshold"": 25, ""long_exit_threshold"": 50, ""rsi_window"": 21, ""short_entry_threshold"": 80}",21,25,50,80
"rsi_reversion_ls|rsi_window=21,long_entry_threshold=25,long_exit_threshold=55,short_entry_threshold=70",0,6.809003416843029,0.16657953724708705,-0.07322910542854466,76,train,6.809003416843029,True,rsi_reversion_ls,rsi_reversion_ls,"rsi_window=21, long_entry_threshold=25, long_exit_threshold=55, short_entry_threshold=70","{""long_entry_threshold"": 25, ""long_exit_threshold"": 55, ""rsi_window"": 21, ""short_entry_threshold"": 70}",21,25,55,70
"rsi_reversion_ls|rsi_window=21,long_entry_threshold=25,long_exit_threshold=55,short_entry_threshold=70",1,1.320793745434461,0.015935109393366245,-0.05680603648684024,83,train,1.320793745434461,True,rsi_reversion_ls,rsi_reversion_ls,"rsi_window=21, long_entry_threshold=25, long_exit_threshold=55, short_entry_threshold=70","{""long_entry_threshold"": 25, ""long_exit_threshold"": 55, ""rsi_window"": 21, ""short_entry_threshold"": 70}",21,25,55,70
"rsi_reversion_ls|rsi_window=21,long_entry_threshold=25,long_exit_threshold=55,short_entry_threshold=75",0,9.278742964673553,0.21186479423442597,-0.04278958223342311,54,train,9.278742964673553,True,rsi_reversion_ls,rsi_reversion_ls,"rsi_window=21, long_entry_threshold=25, long_exit_threshold=55, short_entry_threshold=75","{""long_entry_threshold"": 25, ""long_exit_threshold"": 55, ""rsi_window"": 21, ""short_entry_threshold"": 75}",21,25,55,75
"rsi_reversion_ls|rsi_window=21,long_entry_threshold=25,long_exit_threshold=55,short_entry_threshold=75",1,3.7335817702770377,0.043319180042583186,-0.04528635365888467,61,train,3.7335817702770377,True,rsi_reversion_ls,rsi_reversion_ls,"rsi_window=21, long_entry_threshold=25, long_exit_threshold=55, short_entry_threshold=75","{""long_entry_threshold"": 25, ""long_exit_threshold"": 55, ""rsi_window"": 21, ""short_entry_threshold"": 75}",21,25,55,75
"rsi_reversion_ls|rsi_window=21,long_entry_threshold=25,long_exit_threshold=55,short_entry_threshold=80",0,6.5588319370408446,0.1346446604066657,-0.042774368141463515,31,train,6.5588319370408446,True,rsi_reversion_ls,rsi_reversion_ls,"rsi_window=21, long_entry_threshold=25, long_exit_threshold=55, short_entry_threshold=80","{""long_entry_threshold"": 25, ""long_exit_threshold"": 55, ""rsi_window"": 21, ""short_entry_threshold"": 80}",21,25,55,80
"rsi_reversion_ls|rsi_window=21,long_entry_threshold=25,long_exit_threshold=55,short_entry_threshold=80",1,5.880845558767611,0.06027868786116642,-0.045169948876011,44,train,5.880845558767611,True,rsi_reversion_ls,rsi_reversion_ls,"rsi_window=21, long_entry_threshold=25, long_exit_threshold=55, short_entry_threshold=80","{""long_entry_threshold"": 25, ""long_exit_threshold"": 55, ""rsi_window"": 21, ""short_entry_threshold"": 80}",21,25,55,80
"rsi_reversion_ls|rsi_window=21,long_entry_threshold=30,long_exit_threshold=45,short_entry_threshold=70",0,5.9330353247676095,0.15399605987552037,-0.08129697447690265,106,train,5.9330353247676095,True,rsi_reversion_ls,rsi_reversion_ls,"rsi_window=21, long_entry_threshold=30, long_exit_threshold=45, short_entry_threshold=70","{""long_entry_threshold"": 30, ""long_exit_threshold"": 45, ""rsi_window"": 21, ""short_entry_threshold"": 70}",21,30,45,70
"rsi_reversion_ls|rsi_window=21,long_entry_threshold=30,long_exit_threshold=45,short_entry_threshold=70",1,2.931660137219796,0.043126640058390876,-0.05185467546072209,107,train,2.931660137219796,True,rsi_reversion_ls,rsi_reversion_ls,"rsi_window=21, long_entry_threshold=30, long_exit_threshold=45, short_entry_threshold=70","{""long_entry_threshold"": 30, ""long_exit_threshold"": 45, ""rsi_window"": 21, ""short_entry_threshold"": 70}",21,30,45,70
"rsi_reversion_ls|rsi_window=21,long_entry_threshold=30,long_exit_threshold=45,short_entry_threshold=75",0,8.047467306785904,0.19103218355754917,-0.05517175668679464,86,train,8.047467306785904,True,rsi_reversion_ls,rsi_reversion_ls,"rsi_window=21, long_entry_threshold=30, long_exit_threshold=45, short_entry_threshold=75","{""long_entry_threshold"": 30, ""long_exit_threshold"": 45, ""rsi_window"": 21, ""short_entry_threshold"": 75}",21,30,45,75
"rsi_reversion_ls|rsi_window=21,long_entry_threshold=30,long_exit_threshold=45,short_entry_threshold=75",1,3.609594497682725,0.048410024550789334,-0.05028988642537924,88,train,3.609594497682725,True,rsi_reversion_ls,rsi_reversion_ls,"rsi_window=21, long_entry_threshold=30, long_exit_threshold=45, short_entry_threshold=75","{""long_entry_threshold"": 30, ""long_exit_threshold"": 45, ""rsi_window"": 21, ""short_entry_threshold"": 75}",21,30,45,75
"rsi_reversion_ls|rsi_window=21,long_entry_threshold=30,long_exit_threshold=45,short_entry_threshold=80",0,4.373736373133589,0.09027114803095014,-0.06816172294736178,63,train,4.373736373133589,True,rsi_reversion_ls,rsi_reversion_ls,"rsi_window=21, long_entry_threshold=30, long_exit_threshold=45, short_entry_threshold=80","{""long_entry_threshold"": 30, ""long_exit_threshold"": 45, ""rsi_window"": 21, ""short_entry_threshold"": 80}",21,30,45,80
"rsi_reversion_ls|rsi_window=21,long_entry_threshold=30,long_exit_threshold=45,short_entry_threshold=80",1,4.8259356064918295,0.05628801034598064,-0.04643247903400649,72,train,4.8259356064918295,True,rsi_reversion_ls,rsi_reversion_ls,"rsi_window=21, long_entry_threshold=30, long_exit_threshold=45, short_entry_threshold=80","{""long_entry_threshold"": 30, ""long_exit_threshold"": 45, ""rsi_window"": 21, ""short_entry_threshold"": 80}",21,30,45,80
"rsi_reversion_ls|rsi_window=21,long_entry_threshold=30,long_exit_threshold=50,short_entry_threshold=70",0,3.4169297644979855,0.08966967366511448,-0.07322910542854477,104,train,3.4169297644979855,True,rsi_reversion_ls,rsi_reversion_ls,"rsi_window=21, long_entry_threshold=30, long_exit_threshold=50, short_entry_threshold=70","{""long_entry_threshold"": 30, ""long_exit_threshold"": 50, ""rsi_window"": 21, ""short_entry_threshold"": 70}",21,30,50,70
"rsi_reversion_ls|rsi_window=21,long_entry_threshold=30,long_exit_threshold=50,short_entry_threshold=70",1,3.9216651867532732,0.05864070762938377,-0.054055651587537334,109,train,3.9216651867532732,True,rsi_reversion_ls,rsi_reversion_ls,"rsi_window=21, long_entry_threshold=30, long_exit_threshold=50, short_entry_threshold=70","{""long_entry_threshold"": 30, ""long_exit_threshold"": 50, ""rsi_window"": 21, ""short_entry_threshold"": 70}",21,30,50,70
"rsi_reversion_ls|rsi_window=21,long_entry_threshold=30,long_exit_threshold=50,short_entry_threshold=75",0,4.940559874957012,0.12451872091559471,-0.06526357052638943,82,train,4.940559874957012,True,rsi_reversion_ls,rsi_reversion_ls,"rsi_window=21, long_entry_threshold=30, long_exit_threshold=50, short_entry_threshold=75","{""long_entry_threshold"": 30, ""long_exit_threshold"": 50, ""rsi_window"": 21, ""short_entry_threshold"": 75}",21,30,50,75
"rsi_reversion_ls|rsi_window=21,long_entry_threshold=30,long_exit_threshold=50,short_entry_threshold=75",1,6.294420654133051,0.08779186188517314,-0.05265155445697911,89,train,6.294420654133051,True,rsi_reversion_ls,rsi_reversion_ls,"rsi_window=21, long_entry_threshold=30, long_exit_threshold=50, short_entry_threshold=75","{""long_entry_threshold"": 30, ""long_exit_threshold"": 50, ""rsi_window"": 21, ""short_entry_threshold"": 75}",21,30,50,75
"rsi_reversion_ls|rsi_window=21,long_entry_threshold=30,long_exit_threshold=50,short_entry_threshold=80",0,2.465267445225604,0.05459604462893526,-0.07285066595934675,59,train,2.465267445225604,True,rsi_reversion_ls,rsi_reversion_ls,"rsi_window=21, long_entry_threshold=30, long_exit_threshold=50, short_entry_threshold=80","{""long_entry_threshold"": 30, ""long_exit_threshold"": 50, ""rsi_window"": 21, ""short_entry_threshold"": 80}",21,30,50,80
"rsi_reversion_ls|rsi_window=21,long_entry_threshold=30,long_exit_threshold=50,short_entry_threshold=80",1,7.806275767348734,0.09651861591586113,-0.045169948876011334,72,train,7.806275767348734,True,rsi_reversion_ls,rsi_reversion_ls,"rsi_window=21, long_entry_threshold=30, long_exit_threshold=50, short_entry_threshold=80","{""long_entry_threshold"": 30, ""long_exit_threshold"": 50, ""rsi_window"": 21, ""short_entry_threshold"": 80}",21,30,50,80
"rsi_reversion_ls|rsi_window=21,long_entry_threshold=30,long_exit_threshold=55,short_entry_threshold=70",0,1.5750304814279963,0.03736268079334172,-0.08708265442589191,100,train,1.5750304814279963,True,rsi_reversion_ls,rsi_reversion_ls,"rsi_window=21, long_entry_threshold=30, long_exit_threshold=55, short_entry_threshold=70","{""long_entry_threshold"": 30, ""long_exit_threshold"": 55, ""rsi_window"": 21, ""short_entry_threshold"": 70}",21,30,55,70
"rsi_reversion_ls|rsi_window=21,long_entry_threshold=30,long_exit_threshold=55,short_entry_threshold=70",1,2.9904528723117294,0.043316177261183836,-0.05147775111711406,110,train,2.9904528723117294,True,rsi_reversion_ls,rsi_reversion_ls,"rsi_window=21, long_entry_threshold=30, long_exit_threshold=55, short_entry_threshold=70","{""long_entry_threshold"": 30, ""long_exit_threshold"": 55, ""rsi_window"": 21, ""short_entry_threshold"": 70}",21,30,55,70
"rsi_reversion_ls|rsi_window=21,long_entry_threshold=30,long_exit_threshold=55,short_entry_threshold=75",0,3.121433680415147,0.07763189012617294,-0.08708265442589191,78,train,3.121433680415147,True,rsi_reversion_ls,rsi_reversion_ls,"rsi_window=21, long_entry_threshold=30, long_exit_threshold=55, short_entry_threshold=75","{""long_entry_threshold"": 30, ""long_exit_threshold"": 55, ""rsi_window"": 21, ""short_entry_threshold"": 75}",21,30,55,75
"rsi_reversion_ls|rsi_window=21,long_entry_threshold=30,long_exit_threshold=55,short_entry_threshold=75",1,5.211736590368052,0.07143829219099666,-0.045286353658884004,88,train,5.211736590368052,True,rsi_reversion_ls,rsi_reversion_ls,"rsi_window=21, long_entry_threshold=30, long_exit_threshold=55, short_entry_threshold=75","{""long_entry_threshold"": 30, ""long_exit_threshold"": 55, ""rsi_window"": 21, ""short_entry_threshold"": 75}",21,30,55,75
"rsi_reversion_ls|rsi_window=21,long_entry_threshold=30,long_exit_threshold=55,short_entry_threshold=80",0,0.5857635647656319,0.008965089037050233,-0.08708265442589191,55,train,0.5857635647656319,True,rsi_reversion_ls,rsi_reversion_ls,"rsi_window=21, long_entry_threshold=30, long_exit_threshold=55, short_entry_threshold=80","{""long_entry_threshold"": 30, ""long_exit_threshold"": 55, ""rsi_window"": 21, ""short_entry_threshold"": 80}",21,30,55,80
"rsi_reversion_ls|rsi_window=21,long_entry_threshold=30,long_exit_threshold=55,short_entry_threshold=80",1,7.0750302357244665,0.08885488573315502,-0.04516994887601089,71,train,7.0750302357244665,True,rsi_reversion_ls,rsi_reversion_ls,"rsi_window=21, long_entry_threshold=30, long_exit_threshold=55, short_entry_threshold=80","{""long_entry_threshold"": 30, ""long_exit_threshold"": 55, ""rsi_window"": 21, ""short_entry_threshold"": 80}",21,30,55,80
"rsi_reversion_ls|rsi_window=7,long_entry_threshold=20,long_exit_threshold=45,short_entry_threshold=70",0,1.6344643794028861,0.04208559086256128,-0.08703009468404055,413,train,1.6344643794028861,True,rsi_reversion_ls,rsi_reversion_ls,"rsi_window=7, long_entry_threshold=20, long_exit_threshold=45, short_entry_threshold=70","{""long_entry_threshold"": 20, ""long_exit_threshold"": 45, ""rsi_window"": 7, ""short_entry_threshold"": 70}",7,20,45,70
"rsi_reversion_ls|rsi_window=7,long_entry_threshold=20,long_exit_threshold=45,short_entry_threshold=70",1,-9.754584534859557,-0.16303457239189287,-0.17847692771668888,407,train,-9.754584534859557,True,rsi_reversion_ls,rsi_reversion_ls,"rsi_window=7, long_entry_threshold=20, long_exit_threshold=45, short_entry_threshold=70","{""long_entry_threshold"": 20, ""long_exit_threshold"": 45, ""rsi_window"": 7, ""short_entry_threshold"": 70}",7,20,45,70
"rsi_reversion_ls|rsi_window=7,long_entry_threshold=20,long_exit_threshold=45,short_entry_threshold=75",0,1.7726049405055462,0.04535190407657228,-0.087197723705012,362,train,1.7726049405055462,True,rsi_reversion_ls,rsi_reversion_ls,"rsi_window=7, long_entry_threshold=20, long_exit_threshold=45, short_entry_threshold=75","{""long_entry_threshold"": 20, ""long_exit_threshold"": 45, ""rsi_window"": 7, ""short_entry_threshold"": 75}",7,20,45,75
"rsi_reversion_ls|rsi_window=7,long_entry_threshold=20,long_exit_threshold=45,short_entry_threshold=75",1,-9.485643398323743,-0.15456292930532448,-0.16617381554089794,365,train,-9.485643398323743,True,rsi_reversion_ls,rsi_reversion_ls,"rsi_window=7, long_entry_threshold=20, long_exit_threshold=45, short_entry_threshold=75","{""long_entry_threshold"": 20, ""long_exit_threshold"": 45, ""rsi_window"": 7, ""short_entry_threshold"": 75}",7,20,45,75
"rsi_reversion_ls|rsi_window=7,long_entry_threshold=20,long_exit_threshold=45,short_entry_threshold=80",0,1.4022464141366424,0.03287470261392514,-0.08479756542569872,322,train,1.4022464141366424,True,rsi_reversion_ls,rsi_reversion_ls,"rsi_window=7, long_entry_threshold=20, long_exit_threshold=45, short_entry_threshold=80","{""long_entry_threshold"": 20, ""long_exit_threshold"": 45, ""rsi_window"": 7, ""short_entry_threshold"": 80}",7,20,45,80
"rsi_reversion_ls|rsi_window=7,long_entry_threshold=20,long_exit_threshold=45,short_entry_threshold=80",1,-8.81495547250286,-0.13915971093518284,-0.16115261266458447,323,train,-8.81495547250286,True,rsi_reversion_ls,rsi_reversion_ls,"rsi_window=7, long_entry_threshold=20, long_exit_threshold=45, short_entry_threshold=80","{""long_entry_threshold"": 20, ""long_exit_threshold"": 45, ""rsi_window"": 7, ""short_entry_threshold"": 80}",7,20,45,80
"rsi_reversion_ls|rsi_window=7,long_entry_threshold=20,long_exit_threshold=50,short_entry_threshold=70",0,1.3465616436282704,0.03283483253699592,-0.10004962419534869,427,train,1.3465616436282704,True,rsi_reversion_ls,rsi_reversion_ls,"rsi_window=7, long_entry_threshold=20, long_exit_threshold=50, short_entry_threshold=70","{""long_entry_threshold"": 20, ""long_exit_threshold"": 50, ""rsi_window"": 7, ""short_entry_threshold"": 70}",7,20,50,70
"rsi_reversion_ls|rsi_window=7,long_entry_threshold=20,long_exit_threshold=50,short_entry_threshold=70",1,-9.295953749321988,-0.15335359979769772,-0.16726736638733797,425,train,-9.295953749321988,True,rsi_reversion_ls,rsi_reversion_ls,"rsi_window=7, long_entry_threshold=20, long_exit_threshold=50, short_entry_threshold=70","{""long_entry_threshold"": 20, ""long_exit_threshold"": 50, ""rsi_window"": 7, ""short_entry_threshold"": 70}",7,20,50,70
"rsi_reversion_ls|rsi_window=7,long_entry_threshold=20,long_exit_threshold=50,short_entry_threshold=75",0,1.2510198173621159,0.02927367989554773,-0.10021931913970106,365,train,1.2510198173621159,True,rsi_reversion_ls,rsi_reversion_ls,"rsi_window=7, long_entry_threshold=20, long_exit_threshold=50, short_entry_threshold=75","{""long_entry_threshold"": 20, ""long_exit_threshold"": 50, ""rsi_window"": 7, ""short_entry_threshold"": 75}",7,20,50,75
"rsi_reversion_ls|rsi_window=7,long_entry_threshold=20,long_exit_threshold=50,short_entry_threshold=75",1,-8.95146484740655,-0.14364626161680438,-0.15490566019408125,378,train,-8.95146484740655,True,rsi_reversion_ls,rsi_reversion_ls,"rsi_window=7, long_entry_threshold=20, long_exit_threshold=50, short_entry_threshold=75","{""long_entry_threshold"": 20, ""long_exit_threshold"": 50, ""rsi_window"": 7, ""short_entry_threshold"": 75}",7,20,50,75
"rsi_reversion_ls|rsi_window=7,long_entry_threshold=20,long_exit_threshold=50,short_entry_threshold=80",0,0.7811124135967255,0.014866841505810158,-0.09646623112998698,322,train,0.7811124135967255,True,rsi_reversion_ls,rsi_reversion_ls,"rsi_window=7, long_entry_threshold=20, long_exit_threshold=50, short_entry_threshold=80","{""long_entry_threshold"": 20, ""long_exit_threshold"": 50, ""rsi_window"": 7, ""short_entry_threshold"": 80}",7,20,50,80
"rsi_reversion_ls|rsi_window=7,long_entry_threshold=20,long_exit_threshold=50,short_entry_threshold=80",1,-8.010293123047036,-0.12495497880172309,-0.14366796034165352,331,train,-8.010293123047036,True,rsi_reversion_ls,rsi_reversion_ls,"rsi_window=7, long_entry_threshold=20, long_exit_threshold=50, short_entry_threshold=80","{""long_entry_threshold"": 20, ""long_exit_threshold"": 50, ""rsi_window"": 7, ""short_entry_threshold"": 80}",7,20,50,80
"rsi_reversion_ls|rsi_window=7,long_entry_threshold=20,long_exit_threshold=55,short_entry_threshold=70",0,2.2298171236738025,0.06007042357022465,-0.07362246115300553,437,train,2.2298171236738025,True,rsi_reversion_ls,rsi_reversion_ls,"rsi_window=7, long_entry_threshold=20, long_exit_threshold=55, short_entry_threshold=70","{""long_entry_threshold"": 20, ""long_exit_threshold"": 55, ""rsi_window"": 7, ""short_entry_threshold"": 70}",7,20,55,70
"rsi_reversion_ls|rsi_window=7,long_entry_threshold=20,long_exit_threshold=55,short_entry_threshold=70",1,-10.959908131281072,-0.17813100726555434,-0.1917638933614607,442,train,-10.959908131281072,True,rsi_reversion_ls,rsi_reversion_ls,"rsi_window=7, long_entry_threshold=20, long_exit_threshold=55, short_entry_threshold=70","{""long_entry_threshold"": 20, ""long_exit_threshold"": 55, ""rsi_window"": 7, ""short_entry_threshold"": 70}",7,20,55,70
"rsi_reversion_ls|rsi_window=7,long_entry_threshold=20,long_exit_threshold=55,short_entry_threshold=75",0,2.6054683763601254,0.07027843875682879,-0.08174649776406517,371,train,2.6054683763601254,True,rsi_reversion_ls,rsi_reversion_ls,"rsi_window=7, long_entry_threshold=20, long_exit_threshold=55, short_entry_threshold=75","{""long_entry_threshold"": 20, ""long_exit_threshold"": 55, ""rsi_window"": 7, ""short_entry_threshold"": 75}",7,20,55,75
"rsi_reversion_ls|rsi_window=7,long_entry_threshold=20,long_exit_threshold=55,short_entry_threshold=75",1,-9.35858125058309,-0.1502128118939521,-0.1616723696017316,389,train,-9.35858125058309,True,rsi_reversion_ls,rsi_reversion_ls,"rsi_window=7, long_entry_threshold=20, long_exit_threshold=55, short_entry_threshold=75","{""long_entry_threshold"": 20, ""long_exit_threshold"": 55, ""rsi_window"": 7, ""short_entry_threshold"": 75}",7,20,55,75
"rsi_reversion_ls|rsi_window=7,long_entry_threshold=20,long_exit_threshold=55,short_entry_threshold=80",0,2.2692930972365577,0.05761593964633176,-0.08271002305770236,324,train,2.2692930972365577,True,rsi_reversion_ls,rsi_reversion_ls,"rsi_window=7, long_entry_threshold=20, long_exit_threshold=55, short_entry_threshold=80","{""long_entry_threshold"": 20, ""long_exit_threshold"": 55, ""rsi_window"": 7, ""short_entry_threshold"": 80}",7,20,55,80
"rsi_reversion_ls|rsi_window=7,long_entry_threshold=20,long_exit_threshold=55,short_entry_threshold=80",1,-8.771275086826888,-0.13723871095883952,-0.15341712372517924,336,train,-8.771275086826888,True,rsi_reversion_ls,rsi_reversion_ls,"rsi_window=7, long_entry_threshold=20, long_exit_threshold=55, short_entry_threshold=80","{""long_entry_threshold"": 20, ""long_exit_threshold"": 55, ""rsi_window"": 7, ""short_entry_threshold"": 80}",7,20,55,80
"rsi_reversion_ls|rsi_window=7,long_entry_threshold=25,long_exit_threshold=45,short_entry_threshold=70",0,0.6599819170611398,0.01181081896462706,-0.09571653317876583,456,train,0.6599819170611398,True,rsi_reversion_ls,rsi_reversion_ls,"rsi_window=7, long_entry_threshold=25, long_exit_threshold=45, short_entry_threshold=70","{""long_entry_threshold"": 25, ""long_exit_threshold"": 45, ""rsi_window"": 7, ""short_entry_threshold"": 70}",7,25,45,70
"rsi_reversion_ls|rsi_window=7,long_entry_threshold=25,long_exit_threshold=45,short_entry_threshold=70",1,-9.068347072463052,-0.1595381672472771,-0.17375841474085707,460,train,-9.068347072463052,True,rsi_reversion_ls,rsi_reversion_ls,"rsi_window=7, long_entry_threshold=25, long_exit_threshold=45, short_entry_threshold=70","{""long_entry_threshold"": 25, ""long_exit_threshold"": 45, ""rsi_window"": 7, ""short_entry_threshold"": 70}",7,25,45,70
"rsi_reversion_ls|rsi_window=7,long_entry_threshold=25,long_exit_threshold=45,short_entry_threshold=75",0,0.764091854821859,0.014982238929590608,-0.10037820391283014,405,train,0.764091854821859,True,rsi_reversion_ls,rsi_reversion_ls,"rsi_window=7, long_entry_threshold=25, long_exit_threshold=45, short_entry_threshold=75","{""long_entry_threshold"": 25, ""long_exit_threshold"": 45, ""rsi_window"": 7, ""short_entry_threshold"": 75}",7,25,45,75
"rsi_reversion_ls|rsi_window=7,long_entry_threshold=25,long_exit_threshold=45,short_entry_threshold=75",1,-8.778495156215008,-0.15103113405319096,-0.16165938418079917,418,train,-8.778495156215008,True,rsi_reversion_ls,rsi_reversion_ls,"rsi_window=7, long_entry_threshold=25, long_exit_threshold=45, short_entry_threshold=75","{""long_entry_threshold"": 25, ""long_exit_threshold"": 45, ""rsi_window"": 7, ""short_entry_threshold"": 75}",7,25,45,75
"rsi_reversion_ls|rsi_window=7,long_entry_threshold=25,long_exit_threshold=45,short_entry_threshold=80",0,0.36697946830552197,0.0028675263368693324,-0.10132217891878081,365,train,0.36697946830552197,True,rsi_reversion_ls,rsi_reversion_ls,"rsi_window=7, long_entry_threshold=25, long_exit_threshold=45, short_entry_threshold=80","{""long_entry_threshold"": 25, ""long_exit_threshold"": 45, ""rsi_window"": 7, ""short_entry_threshold"": 80}",7,25,45,80
"rsi_reversion_ls|rsi_window=7,long_entry_threshold=25,long_exit_threshold=45,short_entry_threshold=80",1,-8.096071142364137,-0.1355635690682708,-0.1512762616595157,376,train,-8.096071142364137,True,rsi_reversion_ls,rsi_reversion_ls,"rsi_window=7, long_entry_threshold=25, long_exit_threshold=45, short_entry_threshold=80","{""long_entry_threshold"": 25, ""long_exit_threshold"": 45, ""rsi_window"": 7, ""short_entry_threshold"": 80}",7,25,45,80
"rsi_reversion_ls|rsi_window=7,long_entry_threshold=25,long_exit_threshold=50,short_entry_threshold=70",0,0.7318107172700382,0.014092512022558594,-0.1081674183770327,467,train,0.7318107172700382,True,rsi_reversion_ls,rsi_reversion_ls,"rsi_window=7, long_entry_threshold=25, long_exit_threshold=50, short_entry_threshold=70","{""long_entry_threshold"": 25, ""long_exit_threshold"": 50, ""rsi_window"": 7, ""short_entry_threshold"": 70}",7,25,50,70
"rsi_reversion_ls|rsi_window=7,long_entry_threshold=25,long_exit_threshold=50,short_entry_threshold=70",1,-8.607769454672516,-0.15075057658430854,-0.1642391685418454,471,train,-8.607769454672516,True,rsi_reversion_ls,rsi_reversion_ls,"rsi_window=7, long_entry_threshold=25, long_exit_threshold=50, short_entry_threshold=70","{""long_entry_threshold"": 25, ""long_exit_threshold"": 50, ""rsi_window"": 7, ""short_entry_threshold"": 70}",7,25,50,70
"rsi_reversion_ls|rsi_window=7,long_entry_threshold=25,long_exit_threshold=50,short_entry_threshold=75",0,0.6235213215448216,0.010595981779680073,-0.10833558262739473,405,train,0.6235213215448216,True,rsi_reversion_ls,rsi_reversion_ls,"rsi_window=7, long_entry_threshold=25, long_exit_threshold=50, short_entry_threshold=75","{""long_entry_threshold"": 25, ""long_exit_threshold"": 50, ""rsi_window"": 7, ""short_entry_threshold"": 75}",7,25,50,75
"rsi_reversion_ls|rsi_window=7,long_entry_threshold=25,long_exit_threshold=50,short_entry_threshold=75",1,-8.244531712787133,-0.1410133930906386,-0.15097608632421877,424,train,-8.244531712787133,True,rsi_reversion_ls,rsi_reversion_ls,"rsi_window=7, long_entry_threshold=25, long_exit_threshold=50, short_entry_threshold=75","{""long_entry_threshold"": 25, ""long_exit_threshold"": 50, ""rsi_window"": 7, ""short_entry_threshold"": 75}",7,25,50,75
"rsi_reversion_ls|rsi_window=7,long_entry_threshold=25,long_exit_threshold=50,short_entry_threshold=80",0,0.1500471831101718,-0.0035494231512009262,-0.104616348479876,362,train,0.1500471831101718,True,rsi_reversion_ls,rsi_reversion_ls,"rsi_window=7, long_entry_threshold=25, long_exit_threshold=50, short_entry_threshold=80","{""long_entry_threshold"": 25, ""long_exit_threshold"": 50, ""rsi_window"": 7, ""short_entry_threshold"": 80}",7,25,50,80
"rsi_reversion_ls|rsi_window=7,long_entry_threshold=25,long_exit_threshold=50,short_entry_threshold=80",1,-7.315280970615798,-0.12226464373102851,-0.136754257439883,377,train,-7.315280970615798,True,rsi_reversion_ls,rsi_reversion_ls,"rsi_window=7, long_entry_threshold=25, long_exit_threshold=50, short_entry_threshold=80","{""long_entry_threshold"": 25, ""long_exit_threshold"": 50, ""rsi_window"": 7, ""short_entry_threshold"": 80}",7,25,50,80
"rsi_reversion_ls|rsi_window=7,long_entry_threshold=25,long_exit_threshold=55,short_entry_threshold=70",0,1.6772614465791869,0.044486056451085686,-0.08794140803708306,476,train,1.6772614465791869,True,rsi_reversion_ls,rsi_reversion_ls,"rsi_window=7, long_entry_threshold=25, long_exit_threshold=55, short_entry_threshold=70","{""long_entry_threshold"": 25, ""long_exit_threshold"": 55, ""rsi_window"": 7, ""short_entry_threshold"": 70}",7,25,55,70
"rsi_reversion_ls|rsi_window=7,long_entry_threshold=25,long_exit_threshold=55,short_entry_threshold=70",1,-10.22858019563568,-0.17803382811704263,-0.19240413073951423,481,train,-10.22858019563568,True,rsi_reversion_ls,rsi_reversion_ls,"rsi_window=7, long_entry_threshold=25, long_exit_threshold=55, short_entry_threshold=70","{""long_entry_threshold"": 25, ""long_exit_threshold"": 55, ""rsi_window"": 7, ""short_entry_threshold"": 70}",7,25,55,70
"rsi_reversion_ls|rsi_window=7,long_entry_threshold=25,long_exit_threshold=55,short_entry_threshold=75",0,2.0180709380934823,0.05454400098889391,-0.09850101660580701,410,train,2.0180709380934823,True,rsi_reversion_ls,rsi_reversion_ls,"rsi_window=7, long_entry_threshold=25, long_exit_threshold=55, short_entry_threshold=75","{""long_entry_threshold"": 25, ""long_exit_threshold"": 55, ""rsi_window"": 7, ""short_entry_threshold"": 75}",7,25,55,75
"rsi_reversion_ls|rsi_window=7,long_entry_threshold=25,long_exit_threshold=55,short_entry_threshold=75",1,-8.694473217990085,-0.15011233165187035,-0.16069111183054452,428,train,-8.694473217990085,True,rsi_reversion_ls,rsi_reversion_ls,"rsi_window=7, long_entry_threshold=25, long_exit_threshold=55, short_entry_threshold=75","{""long_entry_threshold"": 25, ""long_exit_threshold"": 55, ""rsi_window"": 7, ""short_entry_threshold"": 75}",7,25,55,75
"rsi_reversion_ls|rsi_window=7,long_entry_threshold=25,long_exit_threshold=55,short_entry_threshold=80",0,1.6709891164150625,0.042067656524724495,-0.0994469613482688,363,train,1.6709891164150625,True,rsi_reversion_ls,rsi_reversion_ls,"rsi_window=7, long_entry_threshold=25, long_exit_threshold=55, short_entry_threshold=80","{""long_entry_threshold"": 25, ""long_exit_threshold"": 55, ""rsi_window"": 7, ""short_entry_threshold"": 80}",7,25,55,80
"rsi_reversion_ls|rsi_window=7,long_entry_threshold=25,long_exit_threshold=55,short_entry_threshold=80",1,-8.106950257773367,-0.137136696637608,-0.14486731231046646,375,train,-8.106950257773367,True,rsi_reversion_ls,rsi_reversion_ls,"rsi_window=7, long_entry_threshold=25, long_exit_threshold=55, short_entry_threshold=80","{""long_entry_threshold"": 25, ""long_exit_threshold"": 55, ""rsi_window"": 7, ""short_entry_threshold"": 80}",7,25,55,80
"rsi_reversion_ls|rsi_window=7,long_entry_threshold=30,long_exit_threshold=45,short_entry_threshold=70",0,-0.34664351173391433,-0.020936726638317964,-0.0813951354813276,495,train,-0.34664351173391433,True,rsi_reversion_ls,rsi_reversion_ls,"rsi_window=7, long_entry_threshold=30, long_exit_threshold=45, short_entry_threshold=70","{""long_entry_threshold"": 30, ""long_exit_threshold"": 45, ""rsi_window"": 7, ""short_entry_threshold"": 70}",7,30,45,70
"rsi_reversion_ls|rsi_window=7,long_entry_threshold=30,long_exit_threshold=45,short_entry_threshold=70",1,-7.884638629850094,-0.14315917144921025,-0.15704635885282825,515,train,-7.884638629850094,True,rsi_reversion_ls,rsi_reversion_ls,"rsi_window=7, long_entry_threshold=30, long_exit_threshold=45, short_entry_threshold=70","{""long_entry_threshold"": 30, ""long_exit_threshold"": 45, ""rsi_window"": 7, ""short_entry_threshold"": 70}",7,30,45,70
"rsi_reversion_ls|rsi_window=7,long_entry_threshold=30,long_exit_threshold=45,short_entry_threshold=75",0,-0.2722263094410262,-0.017867950584626327,-0.0908821202585195,444,train,-0.2722263094410262,True,rsi_reversion_ls,rsi_reversion_ls,"rsi_window=7, long_entry_threshold=30, long_exit_threshold=45, short_entry_threshold=75","{""long_entry_threshold"": 30, ""long_exit_threshold"": 45, ""rsi_window"": 7, ""short_entry_threshold"": 75}",7,30,45,75
"rsi_reversion_ls|rsi_window=7,long_entry_threshold=30,long_exit_threshold=45,short_entry_threshold=75",1,-7.563139953472238,-0.13448635242701448,-0.14470260607287044,473,train,-7.563139953472238,True,rsi_reversion_ls,rsi_reversion_ls,"rsi_window=7, long_entry_threshold=30, long_exit_threshold=45, short_entry_threshold=75","{""long_entry_threshold"": 30, ""long_exit_threshold"": 45, ""rsi_window"": 7, ""short_entry_threshold"": 75}",7,30,45,75
"rsi_reversion_ls|rsi_window=7,long_entry_threshold=30,long_exit_threshold=45,short_entry_threshold=80",0,-0.6926565548630086,-0.029590567050614594,-0.08924346212541612,404,train,-0.6926565548630086,True,rsi_reversion_ls,rsi_reversion_ls,"rsi_window=7, long_entry_threshold=30, long_exit_threshold=45, short_entry_threshold=80","{""long_entry_threshold"": 30, ""long_exit_threshold"": 45, ""rsi_window"": 7, ""short_entry_threshold"": 80}",7,30,45,80
"rsi_reversion_ls|rsi_window=7,long_entry_threshold=30,long_exit_threshold=45,short_entry_threshold=80",1,-6.844568548753442,-0.11871735414432305,-0.13487049994972666,431,train,-6.844568548753442,True,rsi_reversion_ls,rsi_reversion_ls,"rsi_window=7, long_entry_threshold=30, long_exit_threshold=45, short_entry_threshold=80","{""long_entry_threshold"": 30, ""long_exit_threshold"": 45, ""rsi_window"": 7, ""short_entry_threshold"": 80}",7,30,45,80
"rsi_reversion_ls|rsi_window=7,long_entry_threshold=30,long_exit_threshold=50,short_entry_threshold=70",0,0.009689884045412154,-0.009416802016761493,-0.08221602722302024,500,train,0.009689884045412154,True,rsi_reversion_ls,rsi_reversion_ls,"rsi_window=7, long_entry_threshold=30, long_exit_threshold=50, short_entry_threshold=70","{""long_entry_threshold"": 30, ""long_exit_threshold"": 50, ""rsi_window"": 7, ""short_entry_threshold"": 70}",7,30,50,70
"rsi_reversion_ls|rsi_window=7,long_entry_threshold=30,long_exit_threshold=50,short_entry_threshold=70",1,-7.253053613347893,-0.13193091895705708,-0.14431126710282505,520,train,-7.253053613347893,True,rsi_reversion_ls,rsi_reversion_ls,"rsi_window=7, long_entry_threshold=30, long_exit_threshold=50, short_entry_threshold=70","{""long_entry_threshold"": 30, ""long_exit_threshold"": 50, ""rsi_window"": 7, ""short_entry_threshold"": 70}",7,30,50,70
"rsi_reversion_ls|rsi_window=7,long_entry_threshold=30,long_exit_threshold=50,short_entry_threshold=75",0,-0.11170892243985273,-0.012832273552911602,-0.08352256111948464,438,train,-0.11170892243985273,True,rsi_reversion_ls,rsi_reversion_ls,"rsi_window=7, long_entry_threshold=30, long_exit_threshold=50, short_entry_threshold=75","{""long_entry_threshold"": 30, ""long_exit_threshold"": 50, ""rsi_window"": 7, ""short_entry_threshold"": 75}",7,30,50,75
"rsi_reversion_ls|rsi_window=7,long_entry_threshold=30,long_exit_threshold=50,short_entry_threshold=75",1,-6.852857129785091,-0.12197795614749964,-0.13073193963265706,473,train,-6.852857129785091,True,rsi_reversion_ls,rsi_reversion_ls,"rsi_window=7, long_entry_threshold=30, long_exit_threshold=50, short_entry_threshold=75","{""long_entry_threshold"": 30, ""long_exit_threshold"": 50, ""rsi_window"": 7, ""short_entry_threshold"": 75}",7,30,50,75
"rsi_reversion_ls|rsi_window=7,long_entry_threshold=30,long_exit_threshold=50,short_entry_threshold=80",0,-0.5917493502313661,-0.026649751038523163,-0.08261391540578589,395,train,-0.5917493502313661,True,rsi_reversion_ls,rsi_reversion_ls,"rsi_window=7, long_entry_threshold=30, long_exit_threshold=50, short_entry_threshold=80","{""long_entry_threshold"": 30, ""long_exit_threshold"": 50, ""rsi_window"": 7, ""short_entry_threshold"": 80}",7,30,50,80
"rsi_reversion_ls|rsi_window=7,long_entry_threshold=30,long_exit_threshold=50,short_entry_threshold=80",1,-5.892937583900047,-0.1028137280908669,-0.12112644741036038,426,train,-5.892937583900047,True,rsi_reversion_ls,rsi_reversion_ls,"rsi_window=7, long_entry_threshold=30, long_exit_threshold=50, short_entry_threshold=80","{""long_entry_threshold"": 30, ""long_exit_threshold"": 50, ""rsi_window"": 7, ""short_entry_threshold"": 80}",7,30,50,80
"rsi_reversion_ls|rsi_window=7,long_entry_threshold=30,long_exit_threshold=55,short_entry_threshold=70",0,-0.06046450826007826,-0.011643629574315242,-0.07508207799700672,501,train,-0.06046450826007826,True,rsi_reversion_ls,rsi_reversion_ls,"rsi_window=7, long_entry_threshold=30, long_exit_threshold=55, short_entry_threshold=70","{""long_entry_threshold"": 30, ""long_exit_threshold"": 55, ""rsi_window"": 7, ""short_entry_threshold"": 70}",7,30,55,70
"rsi_reversion_ls|rsi_window=7,long_entry_threshold=30,long_exit_threshold=55,short_entry_threshold=70",1,-8.96293259270144,-0.1615056043834651,-0.17438064911667328,521,train,-8.96293259270144,True,rsi_reversion_ls,rsi_reversion_ls,"rsi_window=7, long_entry_threshold=30, long_exit_threshold=55, short_entry_threshold=70","{""long_entry_threshold"": 30, ""long_exit_threshold"": 55, ""rsi_window"": 7, ""short_entry_threshold"": 70}",7,30,55,70
"rsi_reversion_ls|rsi_window=7,long_entry_threshold=30,long_exit_threshold=55,short_entry_threshold=75",0,0.2250657100735742,-0.0021261893979400382,-0.09099351963068392,435,train,0.2250657100735742,True,rsi_reversion_ls,rsi_reversion_ls,"rsi_window=7, long_entry_threshold=30, long_exit_threshold=55, short_entry_threshold=75","{""long_entry_threshold"": 30, ""long_exit_threshold"": 55, ""rsi_window"": 7, ""short_entry_threshold"": 75}",7,30,55,75
"rsi_reversion_ls|rsi_window=7,long_entry_threshold=30,long_exit_threshold=55,short_entry_threshold=75",1,-7.424746302719312,-0.13302265812103042,-0.14195987644710684,468,train,-7.424746302719312,True,rsi_reversion_ls,rsi_reversion_ls,"rsi_window=7, long_entry_threshold=30, long_exit_threshold=55, short_entry_threshold=75","{""long_entry_threshold"": 30, ""long_exit_threshold"": 55, ""rsi_window"": 7, ""short_entry_threshold"": 75}",7,30,55,75
"rsi_reversion_ls|rsi_window=7,long_entry_threshold=30,long_exit_threshold=55,short_entry_threshold=80",0,-0.17318090222682542,-0.013932066991635907,-0.0896831689305414,388,train,-0.17318090222682542,True,rsi_reversion_ls,rsi_reversion_ls,"rsi_window=7, long_entry_threshold=30, long_exit_threshold=55, short_entry_threshold=80","{""long_entry_threshold"": 30, ""long_exit_threshold"": 55, ""rsi_window"": 7, ""short_entry_threshold"": 80}",7,30,55,80
"rsi_reversion_ls|rsi_window=7,long_entry_threshold=30,long_exit_threshold=55,short_entry_threshold=80",1,-6.8106160123236945,-0.11978610701808474,-0.12578293004910246,415,train,-6.8106160123236945,True,rsi_reversion_ls,rsi_reversion_ls,"rsi_window=7, long_entry_threshold=30, long_exit_threshold=55, short_entry_threshold=80","{""long_entry_threshold"": 30, ""long_exit_threshold"": 55, ""rsi_window"": 7, ""short_entry_threshold"": 80}",7,30,55,80
"rsi_reversion_ls|rsi_window=14,long_entry_threshold=20,long_exit_threshold=45,short_entry_threshold=70",0,-8.187236586562426,-0.04756708777265749,-0.06670322999607592,33,validation,-8.187236586562426,True,rsi_reversion_ls,rsi_reversion_ls,"rsi_window=14, long_entry_threshold=20, long_exit_threshold=45, short_entry_threshold=70","{""long_entry_threshold"": 20, ""long_exit_threshold"": 45, ""rsi_window"": 14, ""short_entry_threshold"": 70}",14,20,45,70
"rsi_reversion_ls|rsi_window=14,long_entry_threshold=20,long_exit_threshold=45,short_entry_threshold=70",1,-8.85713809337673,-0.022631843023124362,-0.023835452896353915,33,validation,-8.85713809337673,True,rsi_reversion_ls,rsi_reversion_ls,"rsi_window=14, long_entry_threshold=20, long_exit_threshold=45, short_entry_threshold=70","{""long_entry_threshold"": 20, ""long_exit_threshold"": 45, ""rsi_window"": 14, ""short_entry_threshold"": 70}",14,20,45,70
"rsi_reversion_ls|rsi_window=14,long_entry_threshold=20,long_exit_threshold=45,short_entry_threshold=75",0,-6.042050914077167,-0.032813149970981725,-0.06593371726658548,26,validation,-6.042050914077167,True,rsi_reversion_ls,rsi_reversion_ls,"rsi_window=14, long_entry_threshold=20, long_exit_threshold=45, short_entry_threshold=75","{""long_entry_threshold"": 20, ""long_exit_threshold"": 45, ""rsi_window"": 14, ""short_entry_threshold"": 75}",14,20,45,75
"rsi_reversion_ls|rsi_window=14,long_entry_threshold=20,long_exit_threshold=45,short_entry_threshold=75",1,-12.596327727688942,-0.02569725711410149,-0.02761489649795612,25,validation,-12.596327727688942,True,rsi_reversion_ls,rsi_reversion_ls,"rsi_window=14, long_entry_threshold=20, long_exit_threshold=45, short_entry_threshold=75","{""long_entry_threshold"": 20, ""long_exit_threshold"": 45, ""rsi_window"": 14, ""short_entry_threshold"": 75}",14,20,45,75
"rsi_reversion_ls|rsi_window=14,long_entry_threshold=20,long_exit_threshold=45,short_entry_threshold=80",0,-7.099231053384179,-0.03508362652261883,-0.06675728437312156,18,validation,-7.099231053384179,True,rsi_reversion_ls,rsi_reversion_ls,"rsi_window=14, long_entry_threshold=20, long_exit_threshold=45, short_entry_threshold=80","{""long_entry_threshold"": 20, ""long_exit_threshold"": 45, ""rsi_window"": 14, ""short_entry_threshold"": 80}",14,20,45,80
"rsi_reversion_ls|rsi_window=14,long_entry_threshold=20,long_exit_threshold=45,short_entry_threshold=80",1,-10.136821714367263,-0.01772306086156823,-0.02337968676933344,19,validation,-10.136821714367263,True,rsi_reversion_ls,rsi_reversion_ls,"rsi_window=14, long_entry_threshold=20, long_exit_threshold=45, short_entry_threshold=80","{""long_entry_threshold"": 20, ""long_exit_threshold"": 45, ""rsi_window"": 14, ""short_entry_threshold"": 80}",14,20,45,80
"rsi_reversion_ls|rsi_window=14,long_entry_threshold=20,long_exit_threshold=50,short_entry_threshold=70",0,-9.198896239808954,-0.05384884247622631,-0.0682147093437494,33,validation,-9.198896239808954,True,rsi_reversion_ls,rsi_reversion_ls,"rsi_window=14, long_entry_threshold=20, long_exit_threshold=50, short_entry_threshold=70","{""long_entry_threshold"": 20, ""long_exit_threshold"": 50, ""rsi_window"": 14, ""short_entry_threshold"": 70}",14,20,50,70
"rsi_reversion_ls|rsi_window=14,long_entry_threshold=20,long_exit_threshold=50,short_entry_threshold=70",1,-9.732719515079383,-0.024566378338490496,-0.02548535923201878,34,validation,-9.732719515079383,True,rsi_reversion_ls,rsi_reversion_ls,"rsi_window=14, long_entry_threshold=20, long_exit_threshold=50, short_entry_threshold=70","{""long_entry_threshold"": 20, ""long_exit_threshold"": 50, ""rsi_window"": 14, ""short_entry_threshold"": 70}",14,20,50,70
"rsi_reversion_ls|rsi_window=14,long_entry_threshold=20,long_exit_threshold=50,short_entry_threshold=75",0,-9.50050404189916,-0.0531747231753601,-0.06773123522729141,25,validation,-9.50050404189916,True,rsi_reversion_ls,rsi_reversion_ls,"rsi_window=14, long_entry_threshold=20, long_exit_threshold=50, short_entry_threshold=75","{""long_entry_threshold"": 20, ""long_exit_threshold"": 50, ""rsi_window"": 14, ""short_entry_threshold"": 75}",14,20,50,75
"rsi_reversion_ls|rsi_window=14,long_entry_threshold=20,long_exit_threshold=50,short_entry_threshold=75",1,-13.88049100943482,-0.028018548424481877,-0.03007712926008166,25,validation,-13.88049100943482,True,rsi_reversion_ls,rsi_reversion_ls,"rsi_window=14, long_entry_threshold=20, long_exit_threshold=50, short_entry_threshold=75","{""long_entry_threshold"": 20, ""long_exit_threshold"": 50, ""rsi_window"": 14, ""short_entry_threshold"": 75}",14,20,50,75
"rsi_reversion_ls|rsi_window=14,long_entry_threshold=20,long_exit_threshold=50,short_entry_threshold=80",0,-9.378508069509211,-0.048837997669907963,-0.07569406614138585,17,validation,-9.378508069509211,True,rsi_reversion_ls,rsi_reversion_ls,"rsi_window=14, long_entry_threshold=20, long_exit_threshold=50, short_entry_threshold=80","{""long_entry_threshold"": 20, ""long_exit_threshold"": 50, ""rsi_window"": 14, ""short_entry_threshold"": 80}",14,20,50,80
"rsi_reversion_ls|rsi_window=14,long_entry_threshold=20,long_exit_threshold=50,short_entry_threshold=80",1,-11.801286089965533,-0.020602159459407403,-0.026388269207303305,19,validation,-11.801286089965533,True,rsi_reversion_ls,rsi_reversion_ls,"rsi_window=14, long_entry_threshold=20, long_exit_threshold=50, short_entry_threshold=80","{""long_entry_threshold"": 20, ""long_exit_threshold"": 50, ""rsi_window"": 14, ""short_entry_threshold"": 80}",14,20,50,80
"rsi_reversion_ls|rsi_window=14,long_entry_threshold=20,long_exit_threshold=55,short_entry_threshold=70",0,-9.599151962902663,-0.05491986689049134,-0.06573863559900772,34,validation,-9.599151962902663,True,rsi_reversion_ls,rsi_reversion_ls,"rsi_window=14, long_entry_threshold=20, long_exit_threshold=55, short_entry_threshold=70","{""long_entry_threshold"": 20, ""long_exit_threshold"": 55, ""rsi_window"": 14, ""short_entry_threshold"": 70}",14,20,55,70
"rsi_reversion_ls|rsi_window=14,long_entry_threshold=20,long_exit_threshold=55,short_entry_threshold=70",1,-11.795575194040136,-0.02779660162727623,-0.030821485314924124,35,validation,-11.795575194040136,True,rsi_reversion_ls,rsi_reversion_ls,"rsi_window=14, long_entry_threshold=20, long_exit_threshold=55, short_entry_threshold=70","{""long_entry_threshold"": 20, ""long_exit_threshold"": 55, ""rsi_window"": 14, ""short_entry_threshold"": 70}",14,20,55,70
"rsi_reversion_ls|rsi_window=14,long_entry_threshold=20,long_exit_threshold=55,short_entry_threshold=75",0,-7.795257601101168,-0.04289938854860691,-0.05413657427376806,26,validation,-7.795257601101168,True,rsi_reversion_ls,rsi_reversion_ls,"rsi_window=14, long_entry_threshold=20, long_exit_threshold=55, short_entry_threshold=75","{""long_entry_threshold"": 20, ""long_exit_threshold"": 55, ""rsi_window"": 14, ""short_entry_threshold"": 75}",14,20,55,75
"rsi_reversion_ls|rsi_window=14,long_entry_threshold=20,long_exit_threshold=55,short_entry_threshold=75",1,-16.810019081613774,-0.034582893106992516,-0.0361421737145613,24,validation,-16.810019081613774,True,rsi_reversion_ls,rsi_reversion_ls,"rsi_window=14, long_entry_threshold=20, long_exit_threshold=55, short_entry_threshold=75","{""long_entry_threshold"": 20, ""long_exit_threshold"": 55, ""rsi_window"": 14, ""short_entry_threshold"": 75}",14,20,55,75
"rsi_reversion_ls|rsi_window=14,long_entry_threshold=20,long_exit_threshold=55,short_entry_threshold=80",0,-6.897263040406306,-0.03537365448440994,-0.061785964552295125,18,validation,-6.897263040406306,True,rsi_reversion_ls,rsi_reversion_ls,"rsi_window=14, long_entry_threshold=20, long_exit_threshold=55, short_entry_threshold=80","{""long_entry_threshold"": 20, ""long_exit_threshold"": 55, ""rsi_window"": 14, ""short_entry_threshold"": 80}",14,20,55,80
"rsi_reversion_ls|rsi_window=14,long_entry_threshold=20,long_exit_threshold=55,short_entry_threshold=80",1,-14.538439858767328,-0.02631909312044684,-0.031584307333682005,18,validation,-14.538439858767328,True,rsi_reversion_ls,rsi_reversion_ls,"rsi_window=14, long_entry_threshold=20, long_exit_threshold=55, short_entry_threshold=80","{""long_entry_threshold"": 20, ""long_exit_threshold"": 55, ""rsi_window"": 14, ""short_entry_threshold"": 80}",14,20,55,80
"rsi_reversion_ls|rsi_window=14,long_entry_threshold=25,long_exit_threshold=45,short_entry_threshold=70",0,-5.805352230853813,-0.03505654386723904,-0.06327579779721171,39,validation,-5.805352230853813,True,rsi_reversion_ls,rsi_reversion_ls,"rsi_window=14, long_entry_threshold=25, long_exit_threshold=45, short_entry_threshold=70","{""long_entry_threshold"": 25, ""long_exit_threshold"": 45, ""rsi_window"": 14, ""short_entry_threshold"": 70}",14,25,45,70
"rsi_reversion_ls|rsi_window=14,long_entry_threshold=25,long_exit_threshold=45,short_entry_threshold=70",1,-7.733082224507344,-0.023029708409793216,-0.027966912835806546,41,validation,-7.733082224507344,True,rsi_reversion_ls,rsi_reversion_ls,"rsi_window=14, long_entry_threshold=25, long_exit_threshold=45, short_entry_threshold=70","{""long_entry_threshold"": 25, ""long_exit_threshold"": 45, ""rsi_window"": 14, ""short_entry_threshold"": 70}",14,25,45,70
"rsi_reversion_ls|rsi_window=14,long_entry_threshold=25,long_exit_threshold=45,short_entry_threshold=75",0,-3.5049860851126726,-0.0201088078627962,-0.06327579779720993,32,validation,-3.5049860851126726,True,rsi_reversion_ls,rsi_reversion_ls,"rsi_window=14, long_entry_threshold=25, long_exit_threshold=45, short_entry_threshold=75","{""long_entry_threshold"": 25, ""long_exit_threshold"": 45, ""rsi_window"": 14, ""short_entry_threshold"": 75}",14,25,45,75
"rsi_reversion_ls|rsi_window=14,long_entry_threshold=25,long_exit_threshold=45,short_entry_threshold=75",1,-10.2713759984016,-0.026093874637154384,-0.030997990007208043,33,validation,-10.2713759984016,True,rsi_reversion_ls,rsi_reversion_ls,"rsi_window=14, long_entry_threshold=25, long_exit_threshold=45, short_entry_threshold=75","{""long_entry_threshold"": 25, ""long_exit_threshold"": 45, ""rsi_window"": 14, ""short_entry_threshold"": 75}",14,25,45,75
"rsi_reversion_ls|rsi_window=14,long_entry_threshold=25,long_exit_threshold=45,short_entry_threshold=80",0,-4.301542454182801,-0.022409107928741605,-0.059730013877649535,24,validation,-4.301542454182801,True,rsi_reversion_ls,rsi_reversion_ls,"rsi_window=14, long_entry_threshold=25, long_exit_threshold=45, short_entry_threshold=80","{""long_entry_threshold"": 25, ""long_exit_threshold"": 45, ""rsi_window"": 14, ""short_entry_threshold"": 80}",14,25,45,80
"rsi_reversion_ls|rsi_window=14,long_entry_threshold=25,long_exit_threshold=45,short_entry_threshold=80",1,-7.815261568669557,-0.018122924507029892,-0.026009803476085613,27,validation,-7.815261568669557,True,rsi_reversion_ls,rsi_reversion_ls,"rsi_window=14, long_entry_threshold=25, long_exit_threshold=45, short_entry_threshold=80","{""long_entry_threshold"": 25, ""long_exit_threshold"": 45, ""rsi_window"": 14, ""short_entry_threshold"": 80}",14,25,45,80
"rsi_reversion_ls|rsi_window=14,long_entry_threshold=25,long_exit_threshold=50,short_entry_threshold=70",0,-5.938376310192098,-0.036685523519923546,-0.06074656793102662,39,validation,-5.938376310192098,True,rsi_reversion_ls,rsi_reversion_ls,"rsi_window=14, long_entry_threshold=25, long_exit_threshold=50, short_entry_threshold=70","{""long_entry_threshold"": 25, ""long_exit_threshold"": 50, ""rsi_window"": 14, ""short_entry_threshold"": 70}",14,25,50,70
"rsi_reversion_ls|rsi_window=14,long_entry_threshold=25,long_exit_threshold=50,short_entry_threshold=70",1,-7.104280114435951,-0.0211985974649225,-0.027903133440317363,42,validation,-7.104280114435951,True,rsi_reversion_ls,rsi_reversion_ls,"rsi_window=14, long_entry_threshold=25, long_exit_threshold=50, short_entry_threshold=70","{""long_entry_threshold"": 25, ""long_exit_threshold"": 50, ""rsi_window"": 14, ""short_entry_threshold"": 70}",14,25,50,70
"rsi_reversion_ls|rsi_window=14,long_entry_threshold=25,long_exit_threshold=50,short_entry_threshold=75",0,-6.081410178338937,-0.03599917559735786,-0.060746567931026174,31,validation,-6.081410178338937,True,rsi_reversion_ls,rsi_reversion_ls,"rsi_window=14, long_entry_threshold=25, long_exit_threshold=50, short_entry_threshold=75","{""long_entry_threshold"": 25, ""long_exit_threshold"": 50, ""rsi_window"": 14, ""short_entry_threshold"": 75}",14,25,50,75
"rsi_reversion_ls|rsi_window=14,long_entry_threshold=25,long_exit_threshold=50,short_entry_threshold=75",1,-9.653839654964555,-0.02466268650893528,-0.028665035322407384,33,validation,-9.653839654964555,True,rsi_reversion_ls,rsi_reversion_ls,"rsi_window=14, long_entry_threshold=25, long_exit_threshold=50, short_entry_threshold=75","{""long_entry_threshold"": 25, ""long_exit_threshold"": 50, ""rsi_window"": 14, ""short_entry_threshold"": 75}",14,25,50,75
"rsi_reversion_ls|rsi_window=14,long_entry_threshold=25,long_exit_threshold=50,short_entry_threshold=80",0,-5.698739468257956,-0.03158378126348112,-0.0638096017065074,23,validation,-5.698739468257956,True,rsi_reversion_ls,rsi_reversion_ls,"rsi_window=14, long_entry_threshold=25, long_exit_threshold=50, short_entry_threshold=80","{""long_entry_threshold"": 25, ""long_exit_threshold"": 50, ""rsi_window"": 14, ""short_entry_threshold"": 80}",14,25,50,80
"rsi_reversion_ls|rsi_window=14,long_entry_threshold=25,long_exit_threshold=50,short_entry_threshold=80",1,-7.325489081646188,-0.01722069172881254,-0.0247497377411644,27,validation,-7.325489081646188,True,rsi_reversion_ls,rsi_reversion_ls,"rsi_window=14, long_entry_threshold=25, long_exit_threshold=50, short_entry_threshold=80","{""long_entry_threshold"": 25, ""long_exit_threshold"": 50, ""rsi_window"": 14, ""short_entry_threshold"": 80}",14,25,50,80
"rsi_reversion_ls|rsi_window=14,long_entry_threshold=25,long_exit_threshold=55,short_entry_threshold=70",0,-8.217456383708663,-0.05031133110211124,-0.06761514747255881,39,validation,-8.217456383708663,True,rsi_reversion_ls,rsi_reversion_ls,"rsi_window=14, long_entry_threshold=25, long_exit_threshold=55, short_entry_threshold=70","{""long_entry_threshold"": 25, ""long_exit_threshold"": 55, ""rsi_window"": 14, ""short_entry_threshold"": 70}",14,25,55,70
"rsi_reversion_ls|rsi_window=14,long_entry_threshold=25,long_exit_threshold=55,short_entry_threshold=70",1,-8.845840976079847,-0.025095897776016386,-0.0345481030473902,42,validation,-8.845840976079847,True,rsi_reversion_ls,rsi_reversion_ls,"rsi_window=14, long_entry_threshold=25, long_exit_threshold=55, short_entry_threshold=70","{""long_entry_threshold"": 25, ""long_exit_threshold"": 55, ""rsi_window"": 14, ""short_entry_threshold"": 70}",14,25,55,70
"rsi_reversion_ls|rsi_window=14,long_entry_threshold=25,long_exit_threshold=55,short_entry_threshold=75",0,-6.440674424315667,-0.03823223677340047,-0.056911013792395826,31,validation,-6.440674424315667,True,rsi_reversion_ls,rsi_reversion_ls,"rsi_window=14, long_entry_threshold=25, long_exit_threshold=55, short_entry_threshold=75","{""long_entry_threshold"": 25, ""long_exit_threshold"": 55, ""rsi_window"": 14, ""short_entry_threshold"": 75}",14,25,55,75
"rsi_reversion_ls|rsi_window=14,long_entry_threshold=25,long_exit_threshold=55,short_entry_threshold=75",1,-12.3549944440953,-0.031901041034655006,-0.03748015154312123,31,validation,-12.3549944440953,True,rsi_reversion_ls,rsi_reversion_ls,"rsi_window=14, long_entry_threshold=25, long_exit_threshold=55, short_entry_threshold=75","{""long_entry_threshold"": 25, ""long_exit_threshold"": 55, ""rsi_window"": 14, ""short_entry_threshold"": 75}",14,25,55,75
"rsi_reversion_ls|rsi_window=14,long_entry_threshold=25,long_exit_threshold=55,short_entry_threshold=80",0,-5.477836771534524,-0.03066980464143785,-0.06224307758550718,23,validation,-5.477836771534524,True,rsi_reversion_ls,rsi_reversion_ls,"rsi_window=14, long_entry_threshold=25, long_exit_threshold=55, short_entry_threshold=80","{""long_entry_threshold"": 25, ""long_exit_threshold"": 55, ""rsi_window"": 14, ""short_entry_threshold"": 80}",14,25,55,80
"rsi_reversion_ls|rsi_window=14,long_entry_threshold=25,long_exit_threshold=55,short_entry_threshold=80",1,-9.859637723144102,-0.02361428486786281,-0.03277206511516595,25,validation,-9.859637723144102,True,rsi_reversion_ls,rsi_reversion_ls,"rsi_window=14, long_entry_threshold=25, long_exit_threshold=55, short_entry_threshold=80","{""long_entry_threshold"": 25, ""long_exit_threshold"": 55, ""rsi_window"": 14, ""short_entry_threshold"": 80}",14,25,55,80
"rsi_reversion_ls|rsi_window=14,long_entry_threshold=30,long_exit_threshold=45,short_entry_threshold=70",0,-5.240915145860122,-0.03352541257760322,-0.06574892972098723,50,validation,-5.240915145860122,True,rsi_reversion_ls,rsi_reversion_ls,"rsi_window=14, long_entry_threshold=30, long_exit_threshold=45, short_entry_threshold=70","{""long_entry_threshold"": 30, ""long_exit_threshold"": 45, ""rsi_window"": 14, ""short_entry_threshold"": 70}",14,30,45,70
"rsi_reversion_ls|rsi_window=14,long_entry_threshold=30,long_exit_threshold=45,short_entry_threshold=70",1,-9.133836084375423,-0.02856098072008331,-0.03599697844411187,48,validation,-9.133836084375423,True,rsi_reversion_ls,rsi_reversion_ls,"rsi_window=14, long_entry_threshold=30, long_exit_threshold=45, short_entry_threshold=70","{""long_entry_threshold"": 30, ""long_exit_threshold"": 45, ""rsi_window"": 14, ""short_entry_threshold"": 70}",14,30,45,70
"rsi_reversion_ls|rsi_window=14,long_entry_threshold=30,long_exit_threshold=45,short_entry_threshold=75",0,-3.007851845701322,-0.01855395814058204,-0.06574892972098645,43,validation,-3.007851845701322,True,rsi_reversion_ls,rsi_reversion_ls,"rsi_window=14, long_entry_threshold=30, long_exit_threshold=45, short_entry_threshold=75","{""long_entry_threshold"": 30, ""long_exit_threshold"": 45, ""rsi_window"": 14, ""short_entry_threshold"": 75}",14,30,45,75
"rsi_reversion_ls|rsi_window=14,long_entry_threshold=30,long_exit_threshold=45,short_entry_threshold=75",1,-11.630734336023844,-0.031607798684192855,-0.041586125768856674,40,validation,-11.630734336023844,True,rsi_reversion_ls,rsi_reversion_ls,"rsi_window=14, long_entry_threshold=30, long_exit_threshold=45, short_entry_threshold=75","{""long_entry_threshold"": 30, ""long_exit_threshold"": 45, ""rsi_window"": 14, ""short_entry_threshold"": 75}",14,30,45,75
"rsi_reversion_ls|rsi_window=14,long_entry_threshold=30,long_exit_threshold=45,short_entry_threshold=80",0,-3.6971320047105958,-0.020857908224966307,-0.06389749649892107,35,validation,-3.6971320047105958,True,rsi_reversion_ls,rsi_reversion_ls,"rsi_window=14, long_entry_threshold=30, long_exit_threshold=45, short_entry_threshold=80","{""long_entry_threshold"": 30, ""long_exit_threshold"": 45, ""rsi_window"": 14, ""short_entry_threshold"": 80}",14,30,45,80
"rsi_reversion_ls|rsi_window=14,long_entry_threshold=30,long_exit_threshold=45,short_entry_threshold=80",1,-9.419488899657745,-0.023681977352887542,-0.03818584047990392,34,validation,-9.419488899657745,True,rsi_reversion_ls,rsi_reversion_ls,"rsi_window=14, long_entry_threshold=30, long_exit_threshold=45, short_entry_threshold=80","{""long_entry_threshold"": 30, ""long_exit_threshold"": 45, ""rsi_window"": 14, ""short_entry_threshold"": 80}",14,30,45,80
"rsi_reversion_ls|rsi_window=14,long_entry_threshold=30,long_exit_threshold=50,short_entry_threshold=70",0,-5.131404344812687,-0.03374093425428748,-0.06322637750774474,49,validation,-5.131404344812687,True,rsi_reversion_ls,rsi_reversion_ls,"rsi_window=14, long_entry_threshold=30, long_exit_threshold=50, short_entry_threshold=70","{""long_entry_threshold"": 30, ""long_exit_threshold"": 50, ""rsi_window"": 14, ""short_entry_threshold"": 70}",14,30,50,70
"rsi_reversion_ls|rsi_window=14,long_entry_threshold=30,long_exit_threshold=50,short_entry_threshold=70",1,-7.744111092667148,-0.024479583364403878,-0.031827023441681423,49,validation,-7.744111092667148,True,rsi_reversion_ls,rsi_reversion_ls,"rsi_window=14, long_entry_threshold=30, long_exit_threshold=50, short_entry_threshold=70","{""long_entry_threshold"": 30, ""long_exit_threshold"": 50, ""rsi_window"": 14, ""short_entry_threshold"": 70}",14,30,50,70
"rsi_reversion_ls|rsi_window=14,long_entry_threshold=30,long_exit_threshold=50,short_entry_threshold=75",0,-5.223947368780711,-0.03305248835357043,-0.06322637750774462,41,validation,-5.223947368780711,True,rsi_reversion_ls,rsi_reversion_ls,"rsi_window=14, long_entry_threshold=30, long_exit_threshold=50, short_entry_threshold=75","{""long_entry_threshold"": 30, ""long_exit_threshold"": 50, ""rsi_window"": 14, ""short_entry_threshold"": 75}",14,30,50,75
"rsi_reversion_ls|rsi_window=14,long_entry_threshold=30,long_exit_threshold=50,short_entry_threshold=75",1,-10.119360957269405,-0.02793206062764125,-0.03773023090808325,40,validation,-10.119360957269405,True,rsi_reversion_ls,rsi_reversion_ls,"rsi_window=14, long_entry_threshold=30, long_exit_threshold=50, short_entry_threshold=75","{""long_entry_threshold"": 30, ""long_exit_threshold"": 50, ""rsi_window"": 14, ""short_entry_threshold"": 75}",14,30,50,75
"rsi_reversion_ls|rsi_window=14,long_entry_threshold=30,long_exit_threshold=50,short_entry_threshold=80",0,-4.7884469482483185,-0.028623597365093928,-0.061883253809078,33,validation,-4.7884469482483185,True,rsi_reversion_ls,rsi_reversion_ls,"rsi_window=14, long_entry_threshold=30, long_exit_threshold=50, short_entry_threshold=80","{""long_entry_threshold"": 30, ""long_exit_threshold"": 50, ""rsi_window"": 14, ""short_entry_threshold"": 80}",14,30,50,80
"rsi_reversion_ls|rsi_window=14,long_entry_threshold=30,long_exit_threshold=50,short_entry_threshold=80",1,-7.966136054853143,-0.020515011745507423,-0.034370289452373415,34,validation,-7.966136054853143,True,rsi_reversion_ls,rsi_reversion_ls,"rsi_window=14, long_entry_threshold=30, long_exit_threshold=50, short_entry_threshold=80","{""long_entry_threshold"": 30, ""long_exit_threshold"": 50, ""rsi_window"": 14, ""short_entry_threshold"": 80}",14,30,50,80
"rsi_reversion_ls|rsi_window=14,long_entry_threshold=30,long_exit_threshold=55,short_entry_threshold=70",0,-7.37540031884553,-0.047839409064759364,-0.06584691184902258,48,validation,-7.37540031884553,True,rsi_reversion_ls,rsi_reversion_ls,"rsi_window=14, long_entry_threshold=30, long_exit_threshold=55, short_entry_threshold=70","{""long_entry_threshold"": 30, ""long_exit_threshold"": 55, ""rsi_window"": 14, ""short_entry_threshold"": 70}",14,30,55,70
"rsi_reversion_ls|rsi_window=14,long_entry_threshold=30,long_exit_threshold=55,short_entry_threshold=70",1,-8.52744930381055,-0.02571777494055209,-0.040241279509567796,49,validation,-8.52744930381055,True,rsi_reversion_ls,rsi_reversion_ls,"rsi_window=14, long_entry_threshold=30, long_exit_threshold=55, short_entry_threshold=70","{""long_entry_threshold"": 30, ""long_exit_threshold"": 55, ""rsi_window"": 14, ""short_entry_threshold"": 70}",14,30,55,70
"rsi_reversion_ls|rsi_window=14,long_entry_threshold=30,long_exit_threshold=55,short_entry_threshold=75",0,-5.64475743966238,-0.03572887434885581,-0.055514574845035525,40,validation,-5.64475743966238,True,rsi_reversion_ls,rsi_reversion_ls,"rsi_window=14, long_entry_threshold=30, long_exit_threshold=55, short_entry_threshold=75","{""long_entry_threshold"": 30, ""long_exit_threshold"": 55, ""rsi_window"": 14, ""short_entry_threshold"": 75}",14,30,55,75
"rsi_reversion_ls|rsi_window=14,long_entry_threshold=30,long_exit_threshold=55,short_entry_threshold=75",1,-11.724033381784936,-0.03251857729716483,-0.044062868100947394,38,validation,-11.724033381784936,True,rsi_reversion_ls,rsi_reversion_ls,"rsi_window=14, long_entry_threshold=30, long_exit_threshold=55, short_entry_threshold=75","{""long_entry_threshold"": 30, ""long_exit_threshold"": 55, ""rsi_window"": 14, ""short_entry_threshold"": 75}",14,30,55,75
"rsi_reversion_ls|rsi_window=14,long_entry_threshold=30,long_exit_threshold=55,short_entry_threshold=80",0,-4.669840411765366,-0.028146758142254497,-0.060854533865066895,32,validation,-4.669840411765366,True,rsi_reversion_ls,rsi_reversion_ls,"rsi_window=14, long_entry_threshold=30, long_exit_threshold=55, short_entry_threshold=80","{""long_entry_threshold"": 30, ""long_exit_threshold"": 55, ""rsi_window"": 14, ""short_entry_threshold"": 80}",14,30,55,80
"rsi_reversion_ls|rsi_window=14,long_entry_threshold=30,long_exit_threshold=55,short_entry_threshold=80",1,-9.310397301813667,-0.024237107131749782,-0.0399028237113912,32,validation,-9.310397301813667,True,rsi_reversion_ls,rsi_reversion_ls,"rsi_window=14, long_entry_threshold=30, long_exit_threshold=55, short_entry_threshold=80","{""long_entry_threshold"": 30, ""long_exit_threshold"": 55, ""rsi_window"": 14, ""short_entry_threshold"": 80}",14,30,55,80
"rsi_reversion_ls|rsi_window=21,long_entry_threshold=20,long_exit_threshold=45,short_entry_threshold=70",0,-20.28009573977246,-0.10932915098655224,-0.12541010390837048,12,validation,-20.28009573977246,True,rsi_reversion_ls,rsi_reversion_ls,"rsi_window=21, long_entry_threshold=20, long_exit_threshold=45, short_entry_threshold=70","{""long_entry_threshold"": 20, ""long_exit_threshold"": 45, ""rsi_window"": 21, ""short_entry_threshold"": 70}",21,20,45,70
"rsi_reversion_ls|rsi_window=21,long_entry_threshold=20,long_exit_threshold=45,short_entry_threshold=70",1,0.41222358497716005,0.0007153498972681973,-0.01943061653419864,19,validation,0.41222358497716005,True,rsi_reversion_ls,rsi_reversion_ls,"rsi_window=21, long_entry_threshold=20, long_exit_threshold=45, short_entry_threshold=70","{""long_entry_threshold"": 20, ""long_exit_threshold"": 45, ""rsi_window"": 21, ""short_entry_threshold"": 70}",21,20,45,70
"rsi_reversion_ls|rsi_window=21,long_entry_threshold=20,long_exit_threshold=45,short_entry_threshold=75",0,-18.547313791854677,-0.09819318031621674,-0.11612478880115307,11,validation,-18.547313791854677,True,rsi_reversion_ls,rsi_reversion_ls,"rsi_window=21, long_entry_threshold=20, long_exit_threshold=45, short_entry_threshold=75","{""long_entry_threshold"": 20, ""long_exit_threshold"": 45, ""rsi_window"": 21, ""short_entry_threshold"": 75}",21,20,45,75
"rsi_reversion_ls|rsi_window=21,long_entry_threshold=20,long_exit_threshold=45,short_entry_threshold=75",1,-9.995077619955847,-0.016231215840641654,-0.025329732398432836,8,validation,-9.995077619955847,True,rsi_reversion_ls,rsi_reversion_ls,"rsi_window=21, long_entry_threshold=20, long_exit_threshold=45, short_entry_threshold=75","{""long_entry_threshold"": 20, ""long_exit_threshold"": 45, ""rsi_window"": 21, ""short_entry_threshold"": 75}",21,20,45,75
"rsi_reversion_ls|rsi_window=21,long_entry_threshold=20,long_exit_threshold=45,short_entry_threshold=80",0,-15.94234514581966,-0.06494229534854572,-0.07831078196899155,7,validation,-15.94234514581966,True,rsi_reversion_ls,rsi_reversion_ls,"rsi_window=21, long_entry_threshold=20, long_exit_threshold=45, short_entry_threshold=80","{""long_entry_threshold"": 20, ""long_exit_threshold"": 45, ""rsi_window"": 21, ""short_entry_threshold"": 80}",21,20,45,80
"rsi_reversion_ls|rsi_window=21,long_entry_threshold=20,long_exit_threshold=45,short_entry_threshold=80",1,-7.087685779545762,-0.010557740056971625,-0.01721975918490981,7,validation,-7.087685779545762,True,rsi_reversion_ls,rsi_reversion_ls,"rsi_window=21, long_entry_threshold=20, long_exit_threshold=45, short_entry_threshold=80","{""long_entry_threshold"": 20, ""long_exit_threshold"": 45, ""rsi_window"": 21, ""short_entry_threshold"": 80}",21,20,45,80
"rsi_reversion_ls|rsi_window=21,long_entry_threshold=20,long_exit_threshold=50,short_entry_threshold=70",0,-20.412759629610267,-0.10202861727838751,-0.11563841445595846,13,validation,-20.412759629610267,True,rsi_reversion_ls,rsi_reversion_ls,"rsi_window=21, long_entry_threshold=20, long_exit_threshold=50, short_entry_threshold=70","{""long_entry_threshold"": 20, ""long_exit_threshold"": 50, ""rsi_window"": 21, ""short_entry_threshold"": 70}",21,20,50,70
"rsi_reversion_ls|rsi_window=21,long_entry_threshold=20,long_exit_threshold=50,short_entry_threshold=70",1,-3.5292628087888094,-0.00756059653221871,-0.019970875588588344,19,validation,-3.5292628087888094,True,rsi_reversion_ls,rsi_reversion_ls,"rsi_window=21, long_entry_threshold=20, long_exit_threshold=50, short_entry_threshold=70","{""long_entry_threshold"": 20, ""long_exit_threshold"": 50, ""rsi_window"": 21, ""short_entry_threshold"": 70}",21,20,50,70
"rsi_reversion_ls|rsi_window=21,long_entry_threshold=20,long_exit_threshold=50,short_entry_threshold=75",0,-15.908066639271844,-0.07095841811161847,-0.08713163745410157,11,validation,-15.908066639271844,True,rsi_reversion_ls,rsi_reversion_ls,"rsi_window=21, long_entry_threshold=20, long_exit_threshold=50, short_entry_threshold=75","{""long_entry_threshold"": 20, ""long_exit_threshold"": 50, ""rsi_window"": 21, ""short_entry_threshold"": 75}",21,20,50,75
"rsi_reversion_ls|rsi_window=21,long_entry_threshold=20,long_exit_threshold=50,short_entry_threshold=75",1,-12.227084764148398,-0.019946713070919712,-0.02822040345324761,8,validation,-12.227084764148398,True,rsi_reversion_ls,rsi_reversion_ls,"rsi_window=21, long_entry_threshold=20, long_exit_threshold=50, short_entry_threshold=75","{""long_entry_threshold"": 20, ""long_exit_threshold"": 50, ""rsi_window"": 21, ""short_entry_threshold"": 75}",21,20,50,75
"rsi_reversion_ls|rsi_window=21,long_entry_threshold=20,long_exit_threshold=50,short_entry_threshold=80",0,-17.787496633802537,-0.07123658587018394,-0.08462354385517667,7,validation,-17.787496633802537,True,rsi_reversion_ls,rsi_reversion_ls,"rsi_window=21, long_entry_threshold=20, long_exit_threshold=50, short_entry_threshold=80","{""long_entry_threshold"": 20, ""long_exit_threshold"": 50, ""rsi_window"": 21, ""short_entry_threshold"": 80}",21,20,50,80
"rsi_reversion_ls|rsi_window=21,long_entry_threshold=20,long_exit_threshold=50,short_entry_threshold=80",1,-8.930935010447397,-0.013424273706900294,-0.019269464611488152,7,validation,-8.930935010447397,True,rsi_reversion_ls,rsi_reversion_ls,"rsi_window=21, long_entry_threshold=20, long_exit_threshold=50, short_entry_threshold=80","{""long_entry_threshold"": 20, ""long_exit_threshold"": 50, ""rsi_window"": 21, ""short_entry_threshold"": 80}",21,20,50,80
"rsi_reversion_ls|rsi_window=21,long_entry_threshold=20,long_exit_threshold=55,short_entry_threshold=70",0,-11.4001614964753,-0.05460875496384585,-0.0708170051174547,15,validation,-11.4001614964753,True,rsi_reversion_ls,rsi_reversion_ls,"rsi_window=21, long_entry_threshold=20, long_exit_threshold=55, short_entry_threshold=70","{""long_entry_threshold"": 20, ""long_exit_threshold"": 55, ""rsi_window"": 21, ""short_entry_threshold"": 70}",21,20,55,70
"rsi_reversion_ls|rsi_window=21,long_entry_threshold=20,long_exit_threshold=55,short_entry_threshold=70",1,-5.65333913134033,-0.010718857674314223,-0.022169026830929806,19,validation,-5.65333913134033,True,rsi_reversion_ls,rsi_reversion_ls,"rsi_window=21, long_entry_threshold=20, long_exit_threshold=55, short_entry_threshold=70","{""long_entry_threshold"": 20, ""long_exit_threshold"": 55, ""rsi_window"": 21, ""short_entry_threshold"": 70}",21,20,55,70
"rsi_reversion_ls|rsi_window=21,long_entry_threshold=20,long_exit_threshold=55,short_entry_threshold=75",0,-6.909538207383505,-0.029666200263889095,-0.057085093509231966,12,validation,-6.909538207383505,True,rsi_reversion_ls,rsi_reversion_ls,"rsi_window=21, long_entry_threshold=20, long_exit_threshold=55, short_entry_threshold=75","{""long_entry_threshold"": 20, ""long_exit_threshold"": 55, ""rsi_window"": 21, ""short_entry_threshold"": 75}",21,20,55,75
"rsi_reversion_ls|rsi_window=21,long_entry_threshold=20,long_exit_threshold=55,short_entry_threshold=75",1,-11.208301900909435,-0.01838520846333347,-0.025252558278056947,8,validation,-11.208301900909435,True,rsi_reversion_ls,rsi_reversion_ls,"rsi_window=21, long_entry_threshold=20, long_exit_threshold=55, short_entry_threshold=75","{""long_entry_threshold"": 20, ""long_exit_threshold"": 55, ""rsi_window"": 21, ""short_entry_threshold"": 75}",21,20,55,75
"rsi_reversion_ls|rsi_window=21,long_entry_threshold=20,long_exit_threshold=55,short_entry_threshold=80",0,-10.513136796297548,-0.04127024321521537,-0.054618821105195114,8,validation,-10.513136796297548,True,rsi_reversion_ls,rsi_reversion_ls,"rsi_window=21, long_entry_threshold=20, long_exit_threshold=55, short_entry_threshold=80","{""long_entry_threshold"": 20, ""long_exit_threshold"": 55, ""rsi_window"": 21, ""short_entry_threshold"": 80}",21,20,55,80
"rsi_reversion_ls|rsi_window=21,long_entry_threshold=20,long_exit_threshold=55,short_entry_threshold=80",1,-9.026416703557302,-0.01392060142368723,-0.018479344306667755,7,validation,-9.026416703557302,True,rsi_reversion_ls,rsi_reversion_ls,"rsi_window=21, long_entry_threshold=20, long_exit_threshold=55, short_entry_threshold=80","{""long_entry_threshold"": 20, ""long_exit_threshold"": 55, ""rsi_window"": 21, ""short_entry_threshold"": 80}",21,20,55,80
"rsi_reversion_ls|rsi_window=21,long_entry_threshold=25,long_exit_threshold=45,short_entry_threshold=70",0,-17.465127335926585,-0.0967119085756491,-0.11302066426146029,15,validation,-17.465127335926585,True,rsi_reversion_ls,rsi_reversion_ls,"rsi_window=21, long_entry_threshold=25, long_exit_threshold=45, short_entry_threshold=70","{""long_entry_threshold"": 25, ""long_exit_threshold"": 45, ""rsi_window"": 21, ""short_entry_threshold"": 70}",21,25,45,70
"rsi_reversion_ls|rsi_window=21,long_entry_threshold=25,long_exit_threshold=45,short_entry_threshold=70",1,-4.898168501813445,-0.011834299255785708,-0.02959683970289506,23,validation,-4.898168501813445,True,rsi_reversion_ls,rsi_reversion_ls,"rsi_window=21, long_entry_threshold=25, long_exit_threshold=45, short_entry_threshold=70","{""long_entry_threshold"": 25, ""long_exit_threshold"": 45, ""rsi_window"": 21, ""short_entry_threshold"": 70}",21,25,45,70
"rsi_reversion_ls|rsi_window=21,long_entry_threshold=25,long_exit_threshold=45,short_entry_threshold=75",0,-15.688251709997028,-0.08541818575525247,-0.10360381338915192,14,validation,-15.688251709997028,True,rsi_reversion_ls,rsi_reversion_ls,"rsi_window=21, long_entry_threshold=25, long_exit_threshold=45, short_entry_threshold=75","{""long_entry_threshold"": 25, ""long_exit_threshold"": 45, ""rsi_window"": 21, ""short_entry_threshold"": 75}",21,25,45,75
"rsi_reversion_ls|rsi_window=21,long_entry_threshold=25,long_exit_threshold=45,short_entry_threshold=75",1,-14.86006864316757,-0.028568343566516774,-0.03732252195378405,12,validation,-14.86006864316757,True,rsi_reversion_ls,rsi_reversion_ls,"rsi_window=21, long_entry_threshold=25, long_exit_threshold=45, short_entry_threshold=75","{""long_entry_threshold"": 25, ""long_exit_threshold"": 45, ""rsi_window"": 21, ""short_entry_threshold"": 75}",21,25,45,75
"rsi_reversion_ls|rsi_window=21,long_entry_threshold=25,long_exit_threshold=45,short_entry_threshold=80",0,-12.161004064401062,-0.05169626878234806,-0.06476360477123944,10,validation,-12.161004064401062,True,rsi_reversion_ls,rsi_reversion_ls,"rsi_window=21, long_entry_threshold=25, long_exit_threshold=45, short_entry_threshold=80","{""long_entry_threshold"": 25, ""long_exit_threshold"": 45, ""rsi_window"": 21, ""short_entry_threshold"": 80}",21,25,45,80
"rsi_reversion_ls|rsi_window=21,long_entry_threshold=25,long_exit_threshold=45,short_entry_threshold=80",1,-12.666712975168208,-0.02296601701681277,-0.02931233756657714,11,validation,-12.666712975168208,True,rsi_reversion_ls,rsi_reversion_ls,"rsi_window=21, long_entry_threshold=25, long_exit_threshold=45, short_entry_threshold=80","{""long_entry_threshold"": 25, ""long_exit_threshold"": 45, ""rsi_window"": 21, ""short_entry_threshold"": 80}",21,25,45,80
"rsi_reversion_ls|rsi_window=21,long_entry_threshold=25,long_exit_threshold=50,short_entry_threshold=70",0,-15.996435852546318,-0.08352055277882084,-0.09741086112727804,16,validation,-15.996435852546318,True,rsi_reversion_ls,rsi_reversion_ls,"rsi_window=21, long_entry_threshold=25, long_exit_threshold=50, short_entry_threshold=70","{""long_entry_threshold"": 25, ""long_exit_threshold"": 50, ""rsi_window"": 21, ""short_entry_threshold"": 70}",21,25,50,70
"rsi_reversion_ls|rsi_window=21,long_entry_threshold=25,long_exit_threshold=50,short_entry_threshold=70",1,-9.501407853757321,-0.022567297674026463,-0.0345590230606625,23,validation,-9.501407853757321,True,rsi_reversion_ls,rsi_reversion_ls,"rsi_window=21, long_entry_threshold=25, long_exit_threshold=50, short_entry_threshold=70","{""long_entry_threshold"": 25, ""long_exit_threshold"": 50, ""rsi_window"": 21, ""short_entry_threshold"": 70}",21,25,50,70
"rsi_reversion_ls|rsi_window=21,long_entry_threshold=25,long_exit_threshold=50,short_entry_threshold=75",0,-10.99796761948411,-0.051809966556007905,-0.06831653169604812,14,validation,-10.99796761948411,True,rsi_reversion_ls,rsi_reversion_ls,"rsi_window=21, long_entry_threshold=25, long_exit_threshold=50, short_entry_threshold=75","{""long_entry_threshold"": 25, ""long_exit_threshold"": 50, ""rsi_window"": 21, ""short_entry_threshold"": 75}",21,25,50,75
"rsi_reversion_ls|rsi_window=21,long_entry_threshold=25,long_exit_threshold=50,short_entry_threshold=75",1,-17.792493231691527,-0.034766123433506775,-0.04268575321853163,12,validation,-17.792493231691527,True,rsi_reversion_ls,rsi_reversion_ls,"rsi_window=21, long_entry_threshold=25, long_exit_threshold=50, short_entry_threshold=75","{""long_entry_threshold"": 25, ""long_exit_threshold"": 50, ""rsi_window"": 21, ""short_entry_threshold"": 75}",21,25,50,75
"rsi_reversion_ls|rsi_window=21,long_entry_threshold=25,long_exit_threshold=50,short_entry_threshold=80",0,-12.218367702178195,-0.052093867622912626,-0.06575674384606545,10,validation,-12.218367702178195,True,rsi_reversion_ls,rsi_reversion_ls,"rsi_window=21, long_entry_threshold=25, long_exit_threshold=50, short_entry_threshold=80","{""long_entry_threshold"": 25, ""long_exit_threshold"": 50, ""rsi_window"": 21, ""short_entry_threshold"": 80}",21,25,50,80
"rsi_reversion_ls|rsi_window=21,long_entry_threshold=25,long_exit_threshold=50,short_entry_threshold=80",1,-15.303959534515737,-0.02834231003890079,-0.033904436011408356,11,validation,-15.303959534515737,True,rsi_reversion_ls,rsi_reversion_ls,"rsi_window=21, long_entry_threshold=25, long_exit_threshold=50, short_entry_threshold=80","{""long_entry_threshold"": 25, ""long_exit_threshold"": 50, ""rsi_window"": 21, ""short_entry_threshold"": 80}",21,25,50,80
"rsi_reversion_ls|rsi_window=21,long_entry_threshold=25,long_exit_threshold=55,short_entry_threshold=70",0,-7.031106259382071,-0.035959768641676305,-0.0524877461430967,18,validation,-7.031106259382071,True,rsi_reversion_ls,rsi_reversion_ls,"rsi_window=21, long_entry_threshold=25, long_exit_threshold=55, short_entry_threshold=70","{""long_entry_threshold"": 25, ""long_exit_threshold"": 55, ""rsi_window"": 21, ""short_entry_threshold"": 70}",21,25,55,70
"rsi_reversion_ls|rsi_window=21,long_entry_threshold=25,long_exit_threshold=55,short_entry_threshold=70",1,-9.930670443330156,-0.02211388961661987,-0.03332476177549781,23,validation,-9.930670443330156,True,rsi_reversion_ls,rsi_reversion_ls,"rsi_window=21, long_entry_threshold=25, long_exit_threshold=55, short_entry_threshold=70","{""long_entry_threshold"": 25, ""long_exit_threshold"": 55, ""rsi_window"": 21, ""short_entry_threshold"": 70}",21,25,55,70
"rsi_reversion_ls|rsi_window=21,long_entry_threshold=25,long_exit_threshold=55,short_entry_threshold=75",0,-2.1786990301205593,-0.010525191867385387,-0.03848495596147372,15,validation,-2.1786990301205593,True,rsi_reversion_ls,rsi_reversion_ls,"rsi_window=21, long_entry_threshold=25, long_exit_threshold=55, short_entry_threshold=75","{""long_entry_threshold"": 25, ""long_exit_threshold"": 55, ""rsi_window"": 21, ""short_entry_threshold"": 75}",21,25,55,75
"rsi_reversion_ls|rsi_window=21,long_entry_threshold=25,long_exit_threshold=55,short_entry_threshold=75",1,-14.718922018044049,-0.029691935566514074,-0.036373114280186525,12,validation,-14.718922018044049,True,rsi_reversion_ls,rsi_reversion_ls,"rsi_window=21, long_entry_threshold=25, long_exit_threshold=55, short_entry_threshold=75","{""long_entry_threshold"": 25, ""long_exit_threshold"": 55, ""rsi_window"": 21, ""short_entry_threshold"": 75}",21,25,55,75
"rsi_reversion_ls|rsi_window=21,long_entry_threshold=25,long_exit_threshold=55,short_entry_threshold=80",0,-5.196252543063679,-0.02235813860792848,-0.03730475272142342,11,validation,-5.196252543063679,True,rsi_reversion_ls,rsi_reversion_ls,"rsi_window=21, long_entry_threshold=25, long_exit_threshold=55, short_entry_threshold=80","{""long_entry_threshold"": 25, ""long_exit_threshold"": 55, ""rsi_window"": 21, ""short_entry_threshold"": 80}",21,25,55,80
"rsi_reversion_ls|rsi_window=21,long_entry_threshold=25,long_exit_threshold=55,short_entry_threshold=80",1,-13.02386843465034,-0.025278754089987275,-0.02967717356139765,11,validation,-13.02386843465034,True,rsi_reversion_ls,rsi_reversion_ls,"rsi_window=21, long_entry_threshold=25, long_exit_threshold=55, short_entry_threshold=80","{""long_entry_threshold"": 25, ""long_exit_threshold"": 55, ""rsi_window"": 21, ""short_entry_threshold"": 80}",21,25,55,80
"rsi_reversion_ls|rsi_window=21,long_entry_threshold=30,long_exit_threshold=45,short_entry_threshold=70",0,-16.87839373129303,-0.09898916955710604,-0.11099715089311168,19,validation,-16.87839373129303,True,rsi_reversion_ls,rsi_reversion_ls,"rsi_window=21, long_entry_threshold=30, long_exit_threshold=45, short_entry_threshold=70","{""long_entry_threshold"": 30, ""long_exit_threshold"": 45, ""rsi_window"": 21, ""short_entry_threshold"": 70}",21,30,45,70
"rsi_reversion_ls|rsi_window=21,long_entry_threshold=30,long_exit_threshold=45,short_entry_threshold=70",1,-4.651085178438027,-0.012183948353754886,-0.032538286313713805,29,validation,-4.651085178438027,True,rsi_reversion_ls,rsi_reversion_ls,"rsi_window=21, long_entry_threshold=30, long_exit_threshold=45, short_entry_threshold=70","{""long_entry_threshold"": 30, ""long_exit_threshold"": 45, ""rsi_window"": 21, ""short_entry_threshold"": 70}",21,30,45,70
"rsi_reversion_ls|rsi_window=21,long_entry_threshold=30,long_exit_threshold=45,short_entry_threshold=75",0,-15.169710160324744,-0.08772391910843522,-0.101558816855568,18,validation,-15.169710160324744,True,rsi_reversion_ls,rsi_reversion_ls,"rsi_window=21, long_entry_threshold=30, long_exit_threshold=45, short_entry_threshold=75","{""long_entry_threshold"": 30, ""long_exit_threshold"": 45, ""rsi_window"": 21, ""short_entry_threshold"": 75}",21,30,45,75
"rsi_reversion_ls|rsi_window=21,long_entry_threshold=30,long_exit_threshold=45,short_entry_threshold=75",1,-13.396987200019613,-0.028912071548731093,-0.040240550790626606,18,validation,-13.396987200019613,True,rsi_reversion_ls,rsi_reversion_ls,"rsi_window=21, long_entry_threshold=30, long_exit_threshold=45, short_entry_threshold=75","{""long_entry_threshold"": 30, ""long_exit_threshold"": 45, ""rsi_window"": 21, ""short_entry_threshold"": 75}",21,30,45,75
"rsi_reversion_ls|rsi_window=21,long_entry_threshold=30,long_exit_threshold=45,short_entry_threshold=80",0,-11.520537384784587,-0.05408701776506393,-0.06262999999369712,14,validation,-11.520537384784587,True,rsi_reversion_ls,rsi_reversion_ls,"rsi_window=21, long_entry_threshold=30, long_exit_threshold=45, short_entry_threshold=80","{""long_entry_threshold"": 30, ""long_exit_threshold"": 45, ""rsi_window"": 21, ""short_entry_threshold"": 80}",21,30,45,80
"rsi_reversion_ls|rsi_window=21,long_entry_threshold=30,long_exit_threshold=45,short_entry_threshold=80",1,-11.2988730152597,-0.023311727306674017,-0.031466264478178796,17,validation,-11.2988730152597,True,rsi_reversion_ls,rsi_reversion_ls,"rsi_window=21, long_entry_threshold=30, long_exit_threshold=45, short_entry_threshold=80","{""long_entry_threshold"": 30, ""long_exit_threshold"": 45, ""rsi_window"": 21, ""short_entry_threshold"": 80}",21,30,45,80
"rsi_reversion_ls|rsi_window=21,long_entry_threshold=30,long_exit_threshold=50,short_entry_threshold=70",0,-16.362439862848568,-0.09249999118930691,-0.10195120338505315,20,validation,-16.362439862848568,True,rsi_reversion_ls,rsi_reversion_ls,"rsi_window=21, long_entry_threshold=30, long_exit_threshold=50, short_entry_threshold=70","{""long_entry_threshold"": 30, ""long_exit_threshold"": 50, ""rsi_window"": 21, ""short_entry_threshold"": 70}",21,30,50,70
"rsi_reversion_ls|rsi_window=21,long_entry_threshold=30,long_exit_threshold=50,short_entry_threshold=70",1,-7.341972974634362,-0.019318283436695536,-0.037033281504875726,29,validation,-7.341972974634362,True,rsi_reversion_ls,rsi_reversion_ls,"rsi_window=21, long_entry_threshold=30, long_exit_threshold=50, short_entry_threshold=70","{""long_entry_threshold"": 30, ""long_exit_threshold"": 50, ""rsi_window"": 21, ""short_entry_threshold"": 70}",21,30,50,70
"rsi_reversion_ls|rsi_window=21,long_entry_threshold=30,long_exit_threshold=50,short_entry_threshold=75",0,-11.729992677107271,-0.06110009742862303,-0.0730032287100324,18,validation,-11.729992677107271,True,rsi_reversion_ls,rsi_reversion_ls,"rsi_window=21, long_entry_threshold=30, long_exit_threshold=50, short_entry_threshold=75","{""long_entry_threshold"": 30, ""long_exit_threshold"": 50, ""rsi_window"": 21, ""short_entry_threshold"": 75}",21,30,50,75
"rsi_reversion_ls|rsi_window=21,long_entry_threshold=30,long_exit_threshold=50,short_entry_threshold=75",1,-14.067063124294007,-0.03155765844164023,-0.04513918425724184,18,validation,-14.067063124294007,True,rsi_reversion_ls,rsi_reversion_ls,"rsi_window=21, long_entry_threshold=30, long_exit_threshold=50, short_entry_threshold=75","{""long_entry_threshold"": 30, ""long_exit_threshold"": 50, ""rsi_window"": 21, ""short_entry_threshold"": 75}",21,30,50,75
"rsi_reversion_ls|rsi_window=21,long_entry_threshold=30,long_exit_threshold=50,short_entry_threshold=80",0,-12.759667079633047,-0.06138121690325943,-0.07045631749732473,14,validation,-12.759667079633047,True,rsi_reversion_ls,rsi_reversion_ls,"rsi_window=21, long_entry_threshold=30, long_exit_threshold=50, short_entry_threshold=80","{""long_entry_threshold"": 30, ""long_exit_threshold"": 50, ""rsi_window"": 21, ""short_entry_threshold"": 80}",21,30,50,80
"rsi_reversion_ls|rsi_window=21,long_entry_threshold=30,long_exit_threshold=50,short_entry_threshold=80",1,-11.639339805995558,-0.025112492107719278,-0.03555903158698859,17,validation,-11.639339805995558,True,rsi_reversion_ls,rsi_reversion_ls,"rsi_window=21, long_entry_threshold=30, long_exit_threshold=50, short_entry_threshold=80","{""long_entry_threshold"": 30, ""long_exit_threshold"": 50, ""rsi_window"": 21, ""short_entry_threshold"": 80}",21,30,50,80
"rsi_reversion_ls|rsi_window=21,long_entry_threshold=30,long_exit_threshold=55,short_entry_threshold=70",0,-9.39428318000804,-0.055219778686759466,-0.06694682726701051,21,validation,-9.39428318000804,True,rsi_reversion_ls,rsi_reversion_ls,"rsi_window=21, long_entry_threshold=30, long_exit_threshold=55, short_entry_threshold=70","{""long_entry_threshold"": 30, ""long_exit_threshold"": 55, ""rsi_window"": 21, ""short_entry_threshold"": 70}",21,30,55,70
"rsi_reversion_ls|rsi_window=21,long_entry_threshold=30,long_exit_threshold=55,short_entry_threshold=70",1,-7.212924954984821,-0.018077723857479668,-0.036429087480226,29,validation,-7.212924954984821,True,rsi_reversion_ls,rsi_reversion_ls,"rsi_window=21, long_entry_threshold=30, long_exit_threshold=55, short_entry_threshold=70","{""long_entry_threshold"": 30, ""long_exit_threshold"": 55, ""rsi_window"": 21, ""short_entry_threshold"": 70}",21,30,55,70
"rsi_reversion_ls|rsi_window=21,long_entry_threshold=30,long_exit_threshold=55,short_entry_threshold=75",0,-5.457699519380744,-0.030293344817952404,-0.05315772031573485,18,validation,-5.457699519380744,True,rsi_reversion_ls,rsi_reversion_ls,"rsi_window=21, long_entry_threshold=30, long_exit_threshold=55, short_entry_threshold=75","{""long_entry_threshold"": 30, ""long_exit_threshold"": 55, ""rsi_window"": 21, ""short_entry_threshold"": 75}",21,30,55,75
"rsi_reversion_ls|rsi_window=21,long_entry_threshold=30,long_exit_threshold=55,short_entry_threshold=75",1,-11.11149503843141,-0.025687047733565463,-0.039467650679611554,18,validation,-11.11149503843141,True,rsi_reversion_ls,rsi_reversion_ls,"rsi_window=21, long_entry_threshold=30, long_exit_threshold=55, short_entry_threshold=75","{""long_entry_threshold"": 30, ""long_exit_threshold"": 55, ""rsi_window"": 21, ""short_entry_threshold"": 75}",21,30,55,75
"rsi_reversion_ls|rsi_window=21,long_entry_threshold=30,long_exit_threshold=55,short_entry_threshold=80",0,-8.038298772090885,-0.041889887863220565,-0.050492337960772904,14,validation,-8.038298772090885,True,rsi_reversion_ls,rsi_reversion_ls,"rsi_window=21, long_entry_threshold=30, long_exit_threshold=55, short_entry_threshold=80","{""long_entry_threshold"": 30, ""long_exit_threshold"": 55, ""rsi_window"": 21, ""short_entry_threshold"": 80}",21,30,55,80
"rsi_reversion_ls|rsi_window=21,long_entry_threshold=30,long_exit_threshold=55,short_entry_threshold=80",1,-9.45677591613263,-0.021255651117488013,-0.031778073654610606,17,validation,-9.45677591613263,True,rsi_reversion_ls,rsi_reversion_ls,"rsi_window=21, long_entry_threshold=30, long_exit_threshold=55, short_entry_threshold=80","{""long_entry_threshold"": 30, ""long_exit_threshold"": 55, ""rsi_window"": 21, ""short_entry_threshold"": 80}",21,30,55,80
"rsi_reversion_ls|rsi_window=7,long_entry_threshold=20,long_exit_threshold=45,short_entry_threshold=70",0,-8.52613238488482,-0.05510240669931852,-0.08793646041976488,104,validation,-8.52613238488482,True,rsi_reversion_ls,rsi_reversion_ls,"rsi_window=7, long_entry_threshold=20, long_exit_threshold=45, short_entry_threshold=70","{""long_entry_threshold"": 20, ""long_exit_threshold"": 45, ""rsi_window"": 7, ""short_entry_threshold"": 70}",7,20,45,70
"rsi_reversion_ls|rsi_window=7,long_entry_threshold=20,long_exit_threshold=45,short_entry_threshold=70",1,1.0723060367539683,0.0034195299659581908,-0.02286732150736981,108,validation,1.0723060367539683,True,rsi_reversion_ls,rsi_reversion_ls,"rsi_window=7, long_entry_threshold=20, long_exit_threshold=45, short_entry_threshold=70","{""long_entry_threshold"": 20, ""long_exit_threshold"": 45, ""rsi_window"": 7, ""short_entry_threshold"": 70}",7,20,45,70
"rsi_reversion_ls|rsi_window=7,long_entry_threshold=20,long_exit_threshold=45,short_entry_threshold=75",0,-8.554066442027485,-0.05286315948267327,-0.08033114555507159,94,validation,-8.554066442027485,True,rsi_reversion_ls,rsi_reversion_ls,"rsi_window=7, long_entry_threshold=20, long_exit_threshold=45, short_entry_threshold=75","{""long_entry_threshold"": 20, ""long_exit_threshold"": 45, ""rsi_window"": 7, ""short_entry_threshold"": 75}",7,20,45,75
"rsi_reversion_ls|rsi_window=7,long_entry_threshold=20,long_exit_threshold=45,short_entry_threshold=75",1,1.240050088283747,0.003950579121521287,-0.025232235618646293,98,validation,1.240050088283747,True,rsi_reversion_ls,rsi_reversion_ls,"rsi_window=7, long_entry_threshold=20, long_exit_threshold=45, short_entry_threshold=75","{""long_entry_threshold"": 20, ""long_exit_threshold"": 45, ""rsi_window"": 7, ""short_entry_threshold"": 75}",7,20,45,75
"rsi_reversion_ls|rsi_window=7,long_entry_threshold=20,long_exit_threshold=45,short_entry_threshold=80",0,-7.0509776740325,-0.04278091486796484,-0.07643700913840457,84,validation,-7.0509776740325,True,rsi_reversion_ls,rsi_reversion_ls,"rsi_window=7, long_entry_threshold=20, long_exit_threshold=45, short_entry_threshold=80","{""long_entry_threshold"": 20, ""long_exit_threshold"": 45, ""rsi_window"": 7, ""short_entry_threshold"": 80}",7,20,45,80
"rsi_reversion_ls|rsi_window=7,long_entry_threshold=20,long_exit_threshold=45,short_entry_threshold=80",1,3.140075494412729,0.010420557452108938,-0.026815839635235372,86,validation,3.140075494412729,True,rsi_reversion_ls,rsi_reversion_ls,"rsi_window=7, long_entry_threshold=20, long_exit_threshold=45, short_entry_threshold=80","{""long_entry_threshold"": 20, ""long_exit_threshold"": 45, ""rsi_window"": 7, ""short_entry_threshold"": 80}",7,20,45,80
"rsi_reversion_ls|rsi_window=7,long_entry_threshold=20,long_exit_threshold=50,short_entry_threshold=70",0,-10.033404559987307,-0.06446731036016638,-0.08692200963682062,105,validation,-10.033404559987307,True,rsi_reversion_ls,rsi_reversion_ls,"rsi_window=7, long_entry_threshold=20, long_exit_threshold=50, short_entry_threshold=70","{""long_entry_threshold"": 20, ""long_exit_threshold"": 50, ""rsi_window"": 7, ""short_entry_threshold"": 70}",7,20,50,70
"rsi_reversion_ls|rsi_window=7,long_entry_threshold=20,long_exit_threshold=50,short_entry_threshold=70",1,-5.8106489586093595,-0.01899330410868447,-0.025173815714754078,110,validation,-5.8106489586093595,True,rsi_reversion_ls,rsi_reversion_ls,"rsi_window=7, long_entry_threshold=20, long_exit_threshold=50, short_entry_threshold=70","{""long_entry_threshold"": 20, ""long_exit_threshold"": 50, ""rsi_window"": 7, ""short_entry_threshold"": 70}",7,20,50,70
"rsi_reversion_ls|rsi_window=7,long_entry_threshold=20,long_exit_threshold=50,short_entry_threshold=75",0,-9.232763189480323,-0.05730157337738137,-0.08017325877394332,95,validation,-9.232763189480323,True,rsi_reversion_ls,rsi_reversion_ls,"rsi_window=7, long_entry_threshold=20, long_exit_threshold=50, short_entry_threshold=75","{""long_entry_threshold"": 20, ""long_exit_threshold"": 50, ""rsi_window"": 7, ""short_entry_threshold"": 75}",7,20,50,75
"rsi_reversion_ls|rsi_window=7,long_entry_threshold=20,long_exit_threshold=50,short_entry_threshold=75",1,-6.509576928215079,-0.02060105714248948,-0.02865274884286617,99,validation,-6.509576928215079,True,rsi_reversion_ls,rsi_reversion_ls,"rsi_window=7, long_entry_threshold=20, long_exit_threshold=50, short_entry_threshold=75","{""long_entry_threshold"": 20, ""long_exit_threshold"": 50, ""rsi_window"": 7, ""short_entry_threshold"": 75}",7,20,50,75
"rsi_reversion_ls|rsi_window=7,long_entry_threshold=20,long_exit_threshold=50,short_entry_threshold=80",0,-7.368671816787079,-0.04474358478623412,-0.07235303134272242,84,validation,-7.368671816787079,True,rsi_reversion_ls,rsi_reversion_ls,"rsi_window=7, long_entry_threshold=20, long_exit_threshold=50, short_entry_threshold=80","{""long_entry_threshold"": 20, ""long_exit_threshold"": 50, ""rsi_window"": 7, ""short_entry_threshold"": 80}",7,20,50,80
"rsi_reversion_ls|rsi_window=7,long_entry_threshold=20,long_exit_threshold=50,short_entry_threshold=80",1,-4.537578683957089,-0.013941528741377397,-0.02966332408689054,86,validation,-4.537578683957089,True,rsi_reversion_ls,rsi_reversion_ls,"rsi_window=7, long_entry_threshold=20, long_exit_threshold=50, short_entry_threshold=80","{""long_entry_threshold"": 20, ""long_exit_threshold"": 50, ""rsi_window"": 7, ""short_entry_threshold"": 80}",7,20,50,80
"rsi_reversion_ls|rsi_window=7,long_entry_threshold=20,long_exit_threshold=55,short_entry_threshold=70",0,-8.969674639613528,-0.057997022521545656,-0.08693343827306022,105,validation,-8.969674639613528,True,rsi_reversion_ls,rsi_reversion_ls,"rsi_window=7, long_entry_threshold=20, long_exit_threshold=55, short_entry_threshold=70","{""long_entry_threshold"": 20, ""long_exit_threshold"": 55, ""rsi_window"": 7, ""short_entry_threshold"": 70}",7,20,55,70
"rsi_reversion_ls|rsi_window=7,long_entry_threshold=20,long_exit_threshold=55,short_entry_threshold=70",1,-7.283885218953985,-0.023464786339235048,-0.026890658580810634,110,validation,-7.283885218953985,True,rsi_reversion_ls,rsi_reversion_ls,"rsi_window=7, long_entry_threshold=20, long_exit_threshold=55, short_entry_threshold=70","{""long_entry_threshold"": 20, ""long_exit_threshold"": 55, ""rsi_window"": 7, ""short_entry_threshold"": 70}",7,20,55,70
"rsi_reversion_ls|rsi_window=7,long_entry_threshold=20,long_exit_threshold=55,short_entry_threshold=75",0,-8.306316974866567,-0.05237259722618398,-0.08660187918480222,93,validation,-8.306316974866567,True,rsi_reversion_ls,rsi_reversion_ls,"rsi_window=7, long_entry_threshold=20, long_exit_threshold=55, short_entry_threshold=75","{""long_entry_threshold"": 20, ""long_exit_threshold"": 55, ""rsi_window"": 7, ""short_entry_threshold"": 75}",7,20,55,75
"rsi_reversion_ls|rsi_window=7,long_entry_threshold=20,long_exit_threshold=55,short_entry_threshold=75",1,-7.4445362503386345,-0.023336901677786157,-0.028046875091721768,99,validation,-7.4445362503386345,True,rsi_reversion_ls,rsi_reversion_ls,"rsi_window=7, long_entry_threshold=20, long_exit_threshold=55, short_entry_threshold=75","{""long_entry_threshold"": 20, ""long_exit_threshold"": 55, ""rsi_window"": 7, ""short_entry_threshold"": 75}",7,20,55,75
"rsi_reversion_ls|rsi_window=7,long_entry_threshold=20,long_exit_threshold=55,short_entry_threshold=80",0,-6.648134136841495,-0.041586415176638185,-0.07956048294702611,81,validation,-6.648134136841495,True,rsi_reversion_ls,rsi_reversion_ls,"rsi_window=7, long_entry_threshold=20, long_exit_threshold=55, short_entry_threshold=80","{""long_entry_threshold"": 20, ""long_exit_threshold"": 55, ""rsi_window"": 7, ""short_entry_threshold"": 80}",7,20,55,80
"rsi_reversion_ls|rsi_window=7,long_entry_threshold=20,long_exit_threshold=55,short_entry_threshold=80",1,-5.104051735199705,-0.015601972749899119,-0.028923970046722536,86,validation,-5.104051735199705,True,rsi_reversion_ls,rsi_reversion_ls,"rsi_window=7, long_entry_threshold=20, long_exit_threshold=55, short_entry_threshold=80","{""long_entry_threshold"": 20, ""long_exit_threshold"": 55, ""rsi_window"": 7, ""short_entry_threshold"": 80}",7,20,55,80
"rsi_reversion_ls|rsi_window=7,long_entry_threshold=25,long_exit_threshold=45,short_entry_threshold=70",0,-4.915058201325762,-0.034235794792159595,-0.08792319424122375,118,validation,-4.915058201325762,True,rsi_reversion_ls,rsi_reversion_ls,"rsi_window=7, long_entry_threshold=25, long_exit_threshold=45, short_entry_threshold=70","{""long_entry_threshold"": 25, ""long_exit_threshold"": 45, ""rsi_window"": 7, ""short_entry_threshold"": 70}",7,25,45,70
"rsi_reversion_ls|rsi_window=7,long_entry_threshold=25,long_exit_threshold=45,short_entry_threshold=70",1,-1.2817143408217788,-0.005217905555737275,-0.030713726339172465,118,validation,-1.2817143408217788,True,rsi_reversion_ls,rsi_reversion_ls,"rsi_window=7, long_entry_threshold=25, long_exit_threshold=45, short_entry_threshold=70","{""long_entry_threshold"": 25, ""long_exit_threshold"": 45, ""rsi_window"": 7, ""short_entry_threshold"": 70}",7,25,45,70
"rsi_reversion_ls|rsi_window=7,long_entry_threshold=25,long_exit_threshold=45,short_entry_threshold=75",0,-4.772985951402299,-0.03194709724040251,-0.0803177687554334,108,validation,-4.772985951402299,True,rsi_reversion_ls,rsi_reversion_ls,"rsi_window=7, long_entry_threshold=25, long_exit_threshold=45, short_entry_threshold=75","{""long_entry_threshold"": 25, ""long_exit_threshold"": 45, ""rsi_window"": 7, ""short_entry_threshold"": 75}",7,25,45,75
"rsi_reversion_ls|rsi_window=7,long_entry_threshold=25,long_exit_threshold=45,short_entry_threshold=75",1,-1.1697575921521057,-0.004691427671415568,-0.03428490628077341,108,validation,-1.1697575921521057,True,rsi_reversion_ls,rsi_reversion_ls,"rsi_window=7, long_entry_threshold=25, long_exit_threshold=45, short_entry_threshold=75","{""long_entry_threshold"": 25, ""long_exit_threshold"": 45, ""rsi_window"": 7, ""short_entry_threshold"": 75}",7,25,45,75
"rsi_reversion_ls|rsi_window=7,long_entry_threshold=25,long_exit_threshold=45,short_entry_threshold=80",0,-3.233109428417996,-0.021642201740540486,-0.07642357569763825,98,validation,-3.233109428417996,True,rsi_reversion_ls,rsi_reversion_ls,"rsi_window=7, long_entry_threshold=25, long_exit_threshold=45, short_entry_threshold=80","{""long_entry_threshold"": 25, ""long_exit_threshold"": 45, ""rsi_window"": 7, ""short_entry_threshold"": 80}",7,25,45,80
"rsi_reversion_ls|rsi_window=7,long_entry_threshold=25,long_exit_threshold=45,short_entry_threshold=80",1,0.6188839129782838,0.0017228570843636818,-0.03585380336290345,96,validation,0.6188839129782838,True,rsi_reversion_ls,rsi_reversion_ls,"rsi_window=7, long_entry_threshold=25, long_exit_threshold=45, short_entry_threshold=80","{""long_entry_threshold"": 25, ""long_exit_threshold"": 45, ""rsi_window"": 7, ""short_entry_threshold"": 80}",7,25,45,80
"rsi_reversion_ls|rsi_window=7,long_entry_threshold=25,long_exit_threshold=50,short_entry_threshold=70",0,-6.674195940929821,-0.04564343462235217,-0.08263133631124187,117,validation,-6.674195940929821,True,rsi_reversion_ls,rsi_reversion_ls,"rsi_window=7, long_entry_threshold=25, long_exit_threshold=50, short_entry_threshold=70","{""long_entry_threshold"": 25, ""long_exit_threshold"": 50, ""rsi_window"": 7, ""short_entry_threshold"": 70}",7,25,50,70
"rsi_reversion_ls|rsi_window=7,long_entry_threshold=25,long_exit_threshold=50,short_entry_threshold=70",1,-8.066771275591003,-0.02671914187367588,-0.031938838083640175,120,validation,-8.066771275591003,True,rsi_reversion_ls,rsi_reversion_ls,"rsi_window=7, long_entry_threshold=25, long_exit_threshold=50, short_entry_threshold=70","{""long_entry_threshold"": 25, ""long_exit_threshold"": 50, ""rsi_window"": 7, ""short_entry_threshold"": 70}",7,25,50,70
"rsi_reversion_ls|rsi_window=7,long_entry_threshold=25,long_exit_threshold=50,short_entry_threshold=75",0,-5.7648987579924595,-0.038333515673475746,-0.07357682133590071,107,validation,-5.7648987579924595,True,rsi_reversion_ls,rsi_reversion_ls,"rsi_window=7, long_entry_threshold=25, long_exit_threshold=50, short_entry_threshold=75","{""long_entry_threshold"": 25, ""long_exit_threshold"": 50, ""rsi_window"": 7, ""short_entry_threshold"": 75}",7,25,50,75
"rsi_reversion_ls|rsi_window=7,long_entry_threshold=25,long_exit_threshold=50,short_entry_threshold=75",1,-8.80867969206476,-0.028314233180339102,-0.037139606675268166,109,validation,-8.80867969206476,True,rsi_reversion_ls,rsi_reversion_ls,"rsi_window=7, long_entry_threshold=25, long_exit_threshold=50, short_entry_threshold=75","{""long_entry_threshold"": 25, ""long_exit_threshold"": 50, ""rsi_window"": 7, ""short_entry_threshold"": 75}",7,25,50,75
"rsi_reversion_ls|rsi_window=7,long_entry_threshold=25,long_exit_threshold=50,short_entry_threshold=80",0,-3.863654901473743,-0.02552284749200237,-0.06619686756418186,96,validation,-3.863654901473743,True,rsi_reversion_ls,rsi_reversion_ls,"rsi_window=7, long_entry_threshold=25, long_exit_threshold=50, short_entry_threshold=80","{""long_entry_threshold"": 25, ""long_exit_threshold"": 50, ""rsi_window"": 7, ""short_entry_threshold"": 80}",7,25,50,80
"rsi_reversion_ls|rsi_window=7,long_entry_threshold=25,long_exit_threshold=50,short_entry_threshold=80",1,-6.968048194576344,-0.02170715134889417,-0.038141352318538546,96,validation,-6.968048194576344,True,rsi_reversion_ls,rsi_reversion_ls,"rsi_window=7, long_entry_threshold=25, long_exit_threshold=50, short_entry_threshold=80","{""long_entry_threshold"": 25, ""long_exit_threshold"": 50, ""rsi_window"": 7, ""short_entry_threshold"": 80}",7,25,50,80
"rsi_reversion_ls|rsi_window=7,long_entry_threshold=25,long_exit_threshold=55,short_entry_threshold=70",0,-5.401754248891794,-0.03746453971411961,-0.08133303806066217,117,validation,-5.401754248891794,True,rsi_reversion_ls,rsi_reversion_ls,"rsi_window=7, long_entry_threshold=25, long_exit_threshold=55, short_entry_threshold=70","{""long_entry_threshold"": 25, ""long_exit_threshold"": 55, ""rsi_window"": 7, ""short_entry_threshold"": 70}",7,25,55,70
"rsi_reversion_ls|rsi_window=7,long_entry_threshold=25,long_exit_threshold=55,short_entry_threshold=70",1,-9.809000096268125,-0.03220381789561066,-0.0359750907046007,119,validation,-9.809000096268125,True,rsi_reversion_ls,rsi_reversion_ls,"rsi_window=7, long_entry_threshold=25, long_exit_threshold=55, short_entry_threshold=70","{""long_entry_threshold"": 25, ""long_exit_threshold"": 55, ""rsi_window"": 7, ""short_entry_threshold"": 70}",7,25,55,70
"rsi_reversion_ls|rsi_window=7,long_entry_threshold=25,long_exit_threshold=55,short_entry_threshold=75",0,-4.656476071060386,-0.031717520946718425,-0.0809994453160755,105,validation,-4.656476071060386,True,rsi_reversion_ls,rsi_reversion_ls,"rsi_window=7, long_entry_threshold=25, long_exit_threshold=55, short_entry_threshold=75","{""long_entry_threshold"": 25, ""long_exit_threshold"": 55, ""rsi_window"": 7, ""short_entry_threshold"": 75}",7,25,55,75
"rsi_reversion_ls|rsi_window=7,long_entry_threshold=25,long_exit_threshold=55,short_entry_threshold=75",1,-10.020989632477253,-0.03207707767634474,-0.039090262874370785,108,validation,-10.020989632477253,True,rsi_reversion_ls,rsi_reversion_ls,"rsi_window=7, long_entry_threshold=25, long_exit_threshold=55, short_entry_threshold=75","{""long_entry_threshold"": 25, ""long_exit_threshold"": 55, ""rsi_window"": 7, ""short_entry_threshold"": 75}",7,25,55,75
"rsi_reversion_ls|rsi_window=7,long_entry_threshold=25,long_exit_threshold=55,short_entry_threshold=80",0,-2.9987411873431022,-0.020696236564393417,-0.07391485985350621,93,validation,-2.9987411873431022,True,rsi_reversion_ls,rsi_reversion_ls,"rsi_window=7, long_entry_threshold=25, long_exit_threshold=55, short_entry_threshold=80","{""long_entry_threshold"": 25, ""long_exit_threshold"": 55, ""rsi_window"": 7, ""short_entry_threshold"": 80}",7,25,55,80
"rsi_reversion_ls|rsi_window=7,long_entry_threshold=25,long_exit_threshold=55,short_entry_threshold=80",1,-7.830697184240385,-0.02441136876944631,-0.0399572958548039,95,validation,-7.830697184240385,True,rsi_reversion_ls,rsi_reversion_ls,"rsi_window=7, long_entry_threshold=25, long_exit_threshold=55, short_entry_threshold=80","{""long_entry_threshold"": 25, ""long_exit_threshold"": 55, ""rsi_window"": 7, ""short_entry_threshold"": 80}",7,25,55,80
"rsi_reversion_ls|rsi_window=7,long_entry_threshold=30,long_exit_threshold=45,short_entry_threshold=70",0,-3.9297614187364176,-0.028980795843669624,-0.10532991532119507,131,validation,-3.9297614187364176,True,rsi_reversion_ls,rsi_reversion_ls,"rsi_window=7, long_entry_threshold=30, long_exit_threshold=45, short_entry_threshold=70","{""long_entry_threshold"": 30, ""long_exit_threshold"": 45, ""rsi_window"": 7, ""short_entry_threshold"": 70}",7,30,45,70
"rsi_reversion_ls|rsi_window=7,long_entry_threshold=30,long_exit_threshold=45,short_entry_threshold=70",1,0.028994438815311482,-0.00040113795381103046,-0.028995530006452053,128,validation,0.028994438815311482,True,rsi_reversion_ls,rsi_reversion_ls,"rsi_window=7, long_entry_threshold=30, long_exit_threshold=45, short_entry_threshold=70","{""long_entry_threshold"": 30, ""long_exit_threshold"": 45, ""rsi_window"": 7, ""short_entry_threshold"": 70}",7,30,45,70
"rsi_reversion_ls|rsi_window=7,long_entry_threshold=30,long_exit_threshold=45,short_entry_threshold=75",0,-3.748366739866238,-0.02667964483468006,-0.09806129967532462,121,validation,-3.748366739866238,True,rsi_reversion_ls,rsi_reversion_ls,"rsi_window=7, long_entry_threshold=30, long_exit_threshold=45, short_entry_threshold=75","{""long_entry_threshold"": 30, ""long_exit_threshold"": 45, ""rsi_window"": 7, ""short_entry_threshold"": 75}",7,30,45,75
"rsi_reversion_ls|rsi_window=7,long_entry_threshold=30,long_exit_threshold=45,short_entry_threshold=75",1,0.16833466161698787,0.00012788915373482723,-0.032573040367085304,118,validation,0.16833466161698787,True,rsi_reversion_ls,rsi_reversion_ls,"rsi_window=7, long_entry_threshold=30, long_exit_threshold=45, short_entry_threshold=75","{""long_entry_threshold"": 30, ""long_exit_threshold"": 45, ""rsi_window"": 7, ""short_entry_threshold"": 75}",7,30,45,75
"rsi_reversion_ls|rsi_window=7,long_entry_threshold=30,long_exit_threshold=45,short_entry_threshold=80",0,-2.2471793671856846,-0.016318677454410478,-0.09424223771453288,111,validation,-2.2471793671856846,True,rsi_reversion_ls,rsi_reversion_ls,"rsi_window=7, long_entry_threshold=30, long_exit_threshold=45, short_entry_threshold=80","{""long_entry_threshold"": 30, ""long_exit_threshold"": 45, ""rsi_window"": 7, ""short_entry_threshold"": 80}",7,30,45,80
"rsi_reversion_ls|rsi_window=7,long_entry_threshold=30,long_exit_threshold=45,short_entry_threshold=80",1,1.9728604685137427,0.006573232087151837,-0.034144718540094376,106,validation,1.9728604685137427,True,rsi_reversion_ls,rsi_reversion_ls,"rsi_window=7, long_entry_threshold=30, long_exit_threshold=45, short_entry_threshold=80","{""long_entry_threshold"": 30, ""long_exit_threshold"": 45, ""rsi_window"": 7, ""short_entry_threshold"": 80}",7,30,45,80
"rsi_reversion_ls|rsi_window=7,long_entry_threshold=30,long_exit_threshold=50,short_entry_threshold=70",0,-6.41957367349945,-0.0460144346550527,-0.09817099110828253,126,validation,-6.41957367349945,True,rsi_reversion_ls,rsi_reversion_ls,"rsi_window=7, long_entry_threshold=30, long_exit_threshold=50, short_entry_threshold=70","{""long_entry_threshold"": 30, ""long_exit_threshold"": 50, ""rsi_window"": 7, ""short_entry_threshold"": 70}",7,30,50,70
"rsi_reversion_ls|rsi_window=7,long_entry_threshold=30,long_exit_threshold=50,short_entry_threshold=70",1,-6.469172118034887,-0.021921223866061497,-0.030222813433898765,130,validation,-6.469172118034887,True,rsi_reversion_ls,rsi_reversion_ls,"rsi_window=7, long_entry_threshold=30, long_exit_threshold=50, short_entry_threshold=70","{""long_entry_threshold"": 30, ""long_exit_threshold"": 50, ""rsi_window"": 7, ""short_entry_threshold"": 70}",7,30,50,70
"rsi_reversion_ls|rsi_window=7,long_entry_threshold=30,long_exit_threshold=50,short_entry_threshold=75",0,-5.533319704839474,-0.03870735739058352,-0.08910819473019294,116,validation,-5.533319704839474,True,rsi_reversion_ls,rsi_reversion_ls,"rsi_window=7, long_entry_threshold=30, long_exit_threshold=50, short_entry_threshold=75","{""long_entry_threshold"": 30, ""long_exit_threshold"": 50, ""rsi_window"": 7, ""short_entry_threshold"": 75}",7,30,50,75
"rsi_reversion_ls|rsi_window=7,long_entry_threshold=30,long_exit_threshold=50,short_entry_threshold=75",1,-7.1489332934405825,-0.02352417838840472,-0.03543280111978808,119,validation,-7.1489332934405825,True,rsi_reversion_ls,rsi_reversion_ls,"rsi_window=7, long_entry_threshold=30, long_exit_threshold=50, short_entry_threshold=75","{""long_entry_threshold"": 30, ""long_exit_threshold"": 50, ""rsi_window"": 7, ""short_entry_threshold"": 75}",7,30,50,75
"rsi_reversion_ls|rsi_window=7,long_entry_threshold=30,long_exit_threshold=50,short_entry_threshold=80",0,-3.7100163576392813,-0.025901669274722167,-0.08136393076919413,105,validation,-3.7100163576392813,True,rsi_reversion_ls,rsi_reversion_ls,"rsi_window=7, long_entry_threshold=30, long_exit_threshold=50, short_entry_threshold=80","{""long_entry_threshold"": 30, ""long_exit_threshold"": 50, ""rsi_window"": 7, ""short_entry_threshold"": 80}",7,30,50,80
"rsi_reversion_ls|rsi_window=7,long_entry_threshold=30,long_exit_threshold=50,short_entry_threshold=80",1,-5.275116724253098,-0.01688452606445321,-0.03643632249819273,106,validation,-5.275116724253098,True,rsi_reversion_ls,rsi_reversion_ls,"rsi_window=7, long_entry_threshold=30, long_exit_threshold=50, short_entry_threshold=80","{""long_entry_threshold"": 30, ""long_exit_threshold"": 50, ""rsi_window"": 7, ""short_entry_threshold"": 80}",7,30,50,80
"rsi_reversion_ls|rsi_window=7,long_entry_threshold=30,long_exit_threshold=55,short_entry_threshold=70",0,-4.875298585479037,-0.03561223859526058,-0.09498076934238653,126,validation,-4.875298585479037,True,rsi_reversion_ls,rsi_reversion_ls,"rsi_window=7, long_entry_threshold=30, long_exit_threshold=55, short_entry_threshold=70","{""long_entry_threshold"": 30, ""long_exit_threshold"": 55, ""rsi_window"": 7, ""short_entry_threshold"": 70}",7,30,55,70
"rsi_reversion_ls|rsi_window=7,long_entry_threshold=30,long_exit_threshold=55,short_entry_threshold=70",1,-7.825769682734387,-0.02637527795943936,-0.0341628752607851,128,validation,-7.825769682734387,True,rsi_reversion_ls,rsi_reversion_ls,"rsi_window=7, long_entry_threshold=30, long_exit_threshold=55, short_entry_threshold=70","{""long_entry_threshold"": 30, ""long_exit_threshold"": 55, ""rsi_window"": 7, ""short_entry_threshold"": 70}",7,30,55,70
"rsi_reversion_ls|rsi_window=7,long_entry_threshold=30,long_exit_threshold=55,short_entry_threshold=75",0,-4.144628622664832,-0.029854160277608458,-0.09465213245702275,114,validation,-4.144628622664832,True,rsi_reversion_ls,rsi_reversion_ls,"rsi_window=7, long_entry_threshold=30, long_exit_threshold=55, short_entry_threshold=75","{""long_entry_threshold"": 30, ""long_exit_threshold"": 55, ""rsi_window"": 7, ""short_entry_threshold"": 75}",7,30,55,75
"rsi_reversion_ls|rsi_window=7,long_entry_threshold=30,long_exit_threshold=55,short_entry_threshold=75",1,-7.978789952953522,-0.026247774448849782,-0.03784794211407505,117,validation,-7.978789952953522,True,rsi_reversion_ls,rsi_reversion_ls,"rsi_window=7, long_entry_threshold=30, long_exit_threshold=55, short_entry_threshold=75","{""long_entry_threshold"": 30, ""long_exit_threshold"": 55, ""rsi_window"": 7, ""short_entry_threshold"": 75}",7,30,55,75
"rsi_reversion_ls|rsi_window=7,long_entry_threshold=30,long_exit_threshold=55,short_entry_threshold=80",0,-2.5521514033703485,-0.01881166655990228,-0.08767279571095565,102,validation,-2.5521514033703485,True,rsi_reversion_ls,rsi_reversion_ls,"rsi_window=7, long_entry_threshold=30, long_exit_threshold=55, short_entry_threshold=80","{""long_entry_threshold"": 30, ""long_exit_threshold"": 55, ""rsi_window"": 7, ""short_entry_threshold"": 80}",7,30,55,80
"rsi_reversion_ls|rsi_window=7,long_entry_threshold=30,long_exit_threshold=55,short_entry_threshold=80",1,-5.764544234943155,-0.018535898909628826,-0.038716096045860016,104,validation,-5.764544234943155,True,rsi_reversion_ls,rsi_reversion_ls,"rsi_window=7, long_entry_threshold=30, long_exit_threshold=55, short_entry_threshold=80","{""long_entry_threshold"": 30, ""long_exit_threshold"": 55, ""rsi_window"": 7, ""short_entry_threshold"": 80}",7,30,55,80
"rsi_reversion_ls|rsi_window=14,long_entry_threshold=20,long_exit_threshold=45,short_entry_threshold=70",0,-8.694309047431162,-0.05836225965949336,-0.10777376393389437,34,test,-8.694309047431162,True,rsi_reversion_ls,rsi_reversion_ls,"rsi_window=14, long_entry_threshold=20, long_exit_threshold=45, short_entry_threshold=70","{""long_entry_threshold"": 20, ""long_exit_threshold"": 45, ""rsi_window"": 14, ""short_entry_threshold"": 70}",14,20,45,70
"rsi_reversion_ls|rsi_window=14,long_entry_threshold=20,long_exit_threshold=45,short_entry_threshold=70",1,0.7951489983461056,0.002115175653817687,-0.021876710995004878,39,test,0.7951489983461056,True,rsi_reversion_ls,rsi_reversion_ls,"rsi_window=14, long_entry_threshold=20, long_exit_threshold=45, short_entry_threshold=70","{""long_entry_threshold"": 20, ""long_exit_threshold"": 45, ""rsi_window"": 14, ""short_entry_threshold"": 70}",14,20,45,70
"rsi_reversion_ls|rsi_window=14,long_entry_threshold=20,long_exit_threshold=45,short_entry_threshold=75",0,-10.543394278556026,-0.06506385042809905,-0.10118947947996537,25,test,-10.543394278556026,True,rsi_reversion_ls,rsi_reversion_ls,"rsi_window=14, long_entry_threshold=20, long_exit_threshold=45, short_entry_threshold=75","{""long_entry_threshold"": 20, ""long_exit_threshold"": 45, ""rsi_window"": 14, ""short_entry_threshold"": 75}",14,20,45,75
"rsi_reversion_ls|rsi_window=14,long_entry_threshold=20,long_exit_threshold=45,short_entry_threshold=75",1,3.203644875591929,0.009197125025912668,-0.02187671099500421,30,test,3.203644875591929,True,rsi_reversion_ls,rsi_reversion_ls,"rsi_window=14, long_entry_threshold=20, long_exit_threshold=45, short_entry_threshold=75","{""long_entry_threshold"": 20, ""long_exit_threshold"": 45, ""rsi_window"": 14, ""short_entry_threshold"": 75}",14,20,45,75
"rsi_reversion_ls|rsi_window=14,long_entry_threshold=20,long_exit_threshold=45,short_entry_threshold=80",0,-12.266157053136698,-0.07089114936266117,-0.09547892950713965,18,test,-12.266157053136698,True,rsi_reversion_ls,rsi_reversion_ls,"rsi_window=14, long_entry_threshold=20, long_exit_threshold=45, short_entry_threshold=80","{""long_entry_threshold"": 20, ""long_exit_threshold"": 45, ""rsi_window"": 14, ""short_entry_threshold"": 80}",14,20,45,80
"rsi_reversion_ls|rsi_window=14,long_entry_threshold=20,long_exit_threshold=45,short_entry_threshold=80",1,2.366396933098977,0.00542704451293298,-0.0173407354392624,19,test,2.366396933098977,True,rsi_reversion_ls,rsi_reversion_ls,"rsi_window=14, long_entry_threshold=20, long_exit_threshold=45, short_entry_threshold=80","{""long_entry_threshold"": 20, ""long_exit_threshold"": 45, ""rsi_window"": 14, ""short_entry_threshold"": 80}",14,20,45,80
"rsi_reversion_ls|rsi_window=14,long_entry_threshold=20,long_exit_threshold=50,short_entry_threshold=70",0,-10.264063154282294,-0.06731382707974422,-0.10862978081068053,34,test,-10.264063154282294,True,rsi_reversion_ls,rsi_reversion_ls,"rsi_window=14, long_entry_threshold=20, long_exit_threshold=50, short_entry_threshold=70","{""long_entry_threshold"": 20, ""long_exit_threshold"": 50, ""rsi_window"": 14, ""short_entry_threshold"": 70}",14,20,50,70
"rsi_reversion_ls|rsi_window=14,long_entry_threshold=20,long_exit_threshold=50,short_entry_threshold=70",1,-0.4558865272834128,-0.0017595903116903173,-0.022537695696767,39,test,-0.4558865272834128,True,rsi_reversion_ls,rsi_reversion_ls,"rsi_window=14, long_entry_threshold=20, long_exit_threshold=50, short_entry_threshold=70","{""long_entry_threshold"": 20, ""long_exit_threshold"": 50, ""rsi_window"": 14, ""short_entry_threshold"": 70}",14,20,50,70
"rsi_reversion_ls|rsi_window=14,long_entry_threshold=20,long_exit_threshold=50,short_entry_threshold=75",0,-12.170703903066858,-0.07370531570477658,-0.10137566551810084,25,test,-12.170703903066858,True,rsi_reversion_ls,rsi_reversion_ls,"rsi_window=14, long_entry_threshold=20, long_exit_threshold=50, short_entry_threshold=75","{""long_entry_threshold"": 20, ""long_exit_threshold"": 50, ""rsi_window"": 14, ""short_entry_threshold"": 75}",14,20,50,75
"rsi_reversion_ls|rsi_window=14,long_entry_threshold=20,long_exit_threshold=50,short_entry_threshold=75",1,2.5615982891163807,0.007311934427672441,-0.02187671099500421,30,test,2.5615982891163807,True,rsi_reversion_ls,rsi_reversion_ls,"rsi_window=14, long_entry_threshold=20, long_exit_threshold=50, short_entry_threshold=75","{""long_entry_threshold"": 20, ""long_exit_threshold"": 50, ""rsi_window"": 14, ""short_entry_threshold"": 75}",14,20,50,75
"rsi_reversion_ls|rsi_window=14,long_entry_threshold=20,long_exit_threshold=50,short_entry_threshold=80",0,-13.224749630447683,-0.0754840958195589,-0.09595709345830206,18,test,-13.224749630447683,True,rsi_reversion_ls,rsi_reversion_ls,"rsi_window=14, long_entry_threshold=20, long_exit_threshold=50, short_entry_threshold=80","{""long_entry_threshold"": 20, ""long_exit_threshold"": 50, ""rsi_window"": 14, ""short_entry_threshold"": 80}",14,20,50,80
"rsi_reversion_ls|rsi_window=14,long_entry_threshold=20,long_exit_threshold=50,short_entry_threshold=80",1,2.5016546837994444,0.0058219460361219715,-0.018308778245933355,19,test,2.5016546837994444,True,rsi_reversion_ls,rsi_reversion_ls,"rsi_window=14, long_entry_threshold=20, long_exit_threshold=50, short_entry_threshold=80","{""long_entry_threshold"": 20, ""long_exit_threshold"": 50, ""rsi_window"": 14, ""short_entry_threshold"": 80}",14,20,50,80
"rsi_reversion_ls|rsi_window=14,long_entry_threshold=20,long_exit_threshold=55,short_entry_threshold=70",0,-5.8759142989323765,-0.03741737936554,-0.08762290302084563,39,test,-5.8759142989323765,True,rsi_reversion_ls,rsi_reversion_ls,"rsi_window=14, long_entry_threshold=20, long_exit_threshold=55, short_entry_threshold=70","{""long_entry_threshold"": 20, ""long_exit_threshold"": 55, ""rsi_window"": 14, ""short_entry_threshold"": 70}",14,20,55,70
"rsi_reversion_ls|rsi_window=14,long_entry_threshold=20,long_exit_threshold=55,short_entry_threshold=70",1,-1.3285604197134555,-0.004315525494149824,-0.024208254022718867,41,test,-1.3285604197134555,True,rsi_reversion_ls,rsi_reversion_ls,"rsi_window=14, long_entry_threshold=20, long_exit_threshold=55, short_entry_threshold=70","{""long_entry_threshold"": 20, ""long_exit_threshold"": 55, ""rsi_window"": 14, ""short_entry_threshold"": 70}",14,20,55,70
"rsi_reversion_ls|rsi_window=14,long_entry_threshold=20,long_exit_threshold=55,short_entry_threshold=75",0,-9.272410430046333,-0.05394114273036712,-0.08466118562115965,26,test,-9.272410430046333,True,rsi_reversion_ls,rsi_reversion_ls,"rsi_window=14, long_entry_threshold=20, long_exit_threshold=55, short_entry_threshold=75","{""long_entry_threshold"": 20, ""long_exit_threshold"": 55, ""rsi_window"": 14, ""short_entry_threshold"": 75}",14,20,55,75
"rsi_reversion_ls|rsi_window=14,long_entry_threshold=20,long_exit_threshold=55,short_entry_threshold=75",1,1.2799092558272427,0.0033948175194400392,-0.021180201323331094,30,test,1.2799092558272427,True,rsi_reversion_ls,rsi_reversion_ls,"rsi_window=14, long_entry_threshold=20, long_exit_threshold=55, short_entry_threshold=75","{""long_entry_threshold"": 20, ""long_exit_threshold"": 55, ""rsi_window"": 14, ""short_entry_threshold"": 75}",14,20,55,75
"rsi_reversion_ls|rsi_window=14,long_entry_threshold=20,long_exit_threshold=55,short_entry_threshold=80",0,-9.881135706338801,-0.054425098360205655,-0.08711633011388142,19,test,-9.881135706338801,True,rsi_reversion_ls,rsi_reversion_ls,"rsi_window=14, long_entry_threshold=20, long_exit_threshold=55, short_entry_threshold=80","{""long_entry_threshold"": 20, ""long_exit_threshold"": 55, ""rsi_window"": 14, ""short_entry_threshold"": 80}",14,20,55,80
"rsi_reversion_ls|rsi_window=14,long_entry_threshold=20,long_exit_threshold=55,short_entry_threshold=80",1,2.5172070860426876,0.005755588703971512,-0.01993286146975437,19,test,2.5172070860426876,True,rsi_reversion_ls,rsi_reversion_ls,"rsi_window=14, long_entry_threshold=20, long_exit_threshold=55, short_entry_threshold=80","{""long_entry_threshold"": 20, ""long_exit_threshold"": 55, ""rsi_window"": 14, ""short_entry_threshold"": 80}",14,20,55,80
"rsi_reversion_ls|rsi_window=14,long_entry_threshold=25,long_exit_threshold=45,short_entry_threshold=70",0,-2.9574906201700712,-0.022159915110877476,-0.09604455708091053,46,test,-2.9574906201700712,True,rsi_reversion_ls,rsi_reversion_ls,"rsi_window=14, long_entry_threshold=25, long_exit_threshold=45, short_entry_threshold=70","{""long_entry_threshold"": 25, ""long_exit_threshold"": 45, ""rsi_window"": 14, ""short_entry_threshold"": 70}",14,25,45,70
"rsi_reversion_ls|rsi_window=14,long_entry_threshold=25,long_exit_threshold=45,short_entry_threshold=70",1,4.1465136023488105,0.012874196957995424,-0.021876710995004434,49,test,4.1465136023488105,True,rsi_reversion_ls,rsi_reversion_ls,"rsi_window=14, long_entry_threshold=25, long_exit_threshold=45, short_entry_threshold=70","{""long_entry_threshold"": 25, ""long_exit_threshold"": 45, ""rsi_window"": 14, ""short_entry_threshold"": 70}",14,25,45,70
"rsi_reversion_ls|rsi_window=14,long_entry_threshold=25,long_exit_threshold=45,short_entry_threshold=75",0,-4.298470481772559,-0.029119156234429965,-0.08937371561798657,37,test,-4.298470481772559,True,rsi_reversion_ls,rsi_reversion_ls,"rsi_window=14, long_entry_threshold=25, long_exit_threshold=45, short_entry_threshold=75","{""long_entry_threshold"": 25, ""long_exit_threshold"": 45, ""rsi_window"": 14, ""short_entry_threshold"": 75}",14,25,45,75
"rsi_reversion_ls|rsi_window=14,long_entry_threshold=25,long_exit_threshold=45,short_entry_threshold=75",1,6.641762925910873,0.02003218034895451,-0.02187671099500421,40,test,6.641762925910873,True,rsi_reversion_ls,rsi_reversion_ls,"rsi_window=14, long_entry_threshold=25, long_exit_threshold=45, short_entry_threshold=75","{""long_entry_threshold"": 25, ""long_exit_threshold"": 45, ""rsi_window"": 14, ""short_entry_threshold"": 75}",14,25,45,75
"rsi_reversion_ls|rsi_window=14,long_entry_threshold=25,long_exit_threshold=45,short_entry_threshold=80",0,-5.572201841618018,-0.03517049237011349,-0.07772128880391105,30,test,-5.572201841618018,True,rsi_reversion_ls,rsi_reversion_ls,"rsi_window=14, long_entry_threshold=25, long_exit_threshold=45, short_entry_threshold=80","{""long_entry_threshold"": 25, ""long_exit_threshold"": 45, ""rsi_window"": 14, ""short_entry_threshold"": 80}",14,25,45,80
"rsi_reversion_ls|rsi_window=14,long_entry_threshold=25,long_exit_threshold=45,short_entry_threshold=80",1,6.597797912092575,0.016221623074875766,-0.015406264639926004,29,test,6.597797912092575,True,rsi_reversion_ls,rsi_reversion_ls,"rsi_window=14, long_entry_threshold=25, long_exit_threshold=45, short_entry_threshold=80","{""long_entry_threshold"": 25, ""long_exit_threshold"": 45, ""rsi_window"": 14, ""short_entry_threshold"": 80}",14,25,45,80
"rsi_reversion_ls|rsi_window=14,long_entry_threshold=25,long_exit_threshold=50,short_entry_threshold=70",0,-3.976346493354054,-0.028748879987712597,-0.09538740921622801,46,test,-3.976346493354054,True,rsi_reversion_ls,rsi_reversion_ls,"rsi_window=14, long_entry_threshold=25, long_exit_threshold=50, short_entry_threshold=70","{""long_entry_threshold"": 25, ""long_exit_threshold"": 50, ""rsi_window"": 14, ""short_entry_threshold"": 70}",14,25,50,70
"rsi_reversion_ls|rsi_window=14,long_entry_threshold=25,long_exit_threshold=50,short_entry_threshold=70",1,3.379531600007872,0.01042174637531275,-0.021876710995003656,49,test,3.379531600007872,True,rsi_reversion_ls,rsi_reversion_ls,"rsi_window=14, long_entry_threshold=25, long_exit_threshold=50, short_entry_threshold=70","{""long_entry_threshold"": 25, ""long_exit_threshold"": 50, ""rsi_window"": 14, ""short_entry_threshold"": 70}",14,25,50,70
"rsi_reversion_ls|rsi_window=14,long_entry_threshold=25,long_exit_threshold=50,short_entry_threshold=75",0,-5.342667198629245,-0.03540464552369235,-0.08747229515507027,37,test,-5.342667198629245,True,rsi_reversion_ls,rsi_reversion_ls,"rsi_window=14, long_entry_threshold=25, long_exit_threshold=50, short_entry_threshold=75","{""long_entry_threshold"": 25, ""long_exit_threshold"": 50, ""rsi_window"": 14, ""short_entry_threshold"": 75}",14,25,50,75
"rsi_reversion_ls|rsi_window=14,long_entry_threshold=25,long_exit_threshold=50,short_entry_threshold=75",1,6.470391943141589,0.019603969195060016,-0.021876710995003767,40,test,6.470391943141589,True,rsi_reversion_ls,rsi_reversion_ls,"rsi_window=14, long_entry_threshold=25, long_exit_threshold=50, short_entry_threshold=75","{""long_entry_threshold"": 25, ""long_exit_threshold"": 50, ""rsi_window"": 14, ""short_entry_threshold"": 75}",14,25,50,75
"rsi_reversion_ls|rsi_window=14,long_entry_threshold=25,long_exit_threshold=50,short_entry_threshold=80",0,-5.958033642154241,-0.037256975094880435,-0.07566792089806851,30,test,-5.958033642154241,True,rsi_reversion_ls,rsi_reversion_ls,"rsi_window=14, long_entry_threshold=25, long_exit_threshold=50, short_entry_threshold=80","{""long_entry_threshold"": 25, ""long_exit_threshold"": 50, ""rsi_window"": 14, ""short_entry_threshold"": 80}",14,25,50,80
"rsi_reversion_ls|rsi_window=14,long_entry_threshold=25,long_exit_threshold=50,short_entry_threshold=80",1,7.244607794011397,0.01809579876030466,-0.015406264639926226,29,test,7.244607794011397,True,rsi_reversion_ls,rsi_reversion_ls,"rsi_window=14, long_entry_threshold=25, long_exit_threshold=50, short_entry_threshold=80","{""long_entry_threshold"": 25, ""long_exit_threshold"": 50, ""rsi_window"": 14, ""short_entry_threshold"": 80}",14,25,50,80
"rsi_reversion_ls|rsi_window=14,long_entry_threshold=25,long_exit_threshold=55,short_entry_threshold=70",0,0.12026200708235482,-0.0008191948268123497,-0.07207956861934406,51,test,0.12026200708235482,True,rsi_reversion_ls,rsi_reversion_ls,"rsi_window=14, long_entry_threshold=25, long_exit_threshold=55, short_entry_threshold=70","{""long_entry_threshold"": 25, ""long_exit_threshold"": 55, ""rsi_window"": 14, ""short_entry_threshold"": 70}",14,25,55,70
"rsi_reversion_ls|rsi_window=14,long_entry_threshold=25,long_exit_threshold=55,short_entry_threshold=70",1,3.1732823401355716,0.009542385854559824,-0.020963001799021663,51,test,3.1732823401355716,True,rsi_reversion_ls,rsi_reversion_ls,"rsi_window=14, long_entry_threshold=25, long_exit_threshold=55, short_entry_threshold=70","{""long_entry_threshold"": 25, ""long_exit_threshold"": 55, ""rsi_window"": 14, ""short_entry_threshold"": 70}",14,25,55,70
"rsi_reversion_ls|rsi_window=14,long_entry_threshold=25,long_exit_threshold=55,short_entry_threshold=75",0,-2.654499295829191,-0.017971205292654873,-0.06963160174706173,38,test,-2.654499295829191,True,rsi_reversion_ls,rsi_reversion_ls,"rsi_window=14, long_entry_threshold=25, long_exit_threshold=55, short_entry_threshold=75","{""long_entry_threshold"": 25, ""long_exit_threshold"": 55, ""rsi_window"": 14, ""short_entry_threshold"": 75}",14,25,55,75
"rsi_reversion_ls|rsi_window=14,long_entry_threshold=25,long_exit_threshold=55,short_entry_threshold=75",1,5.874629799354602,0.01736004122732095,-0.02092548220232393,40,test,5.874629799354602,True,rsi_reversion_ls,rsi_reversion_ls,"rsi_window=14, long_entry_threshold=25, long_exit_threshold=55, short_entry_threshold=75","{""long_entry_threshold"": 25, ""long_exit_threshold"": 55, ""rsi_window"": 14, ""short_entry_threshold"": 75}",14,25,55,75
"rsi_reversion_ls|rsi_window=14,long_entry_threshold=25,long_exit_threshold=55,short_entry_threshold=80",0,-2.8810282155853764,-0.018473561314385732,-0.07160629790835604,31,test,-2.8810282155853764,True,rsi_reversion_ls,rsi_reversion_ls,"rsi_window=14, long_entry_threshold=25, long_exit_threshold=55, short_entry_threshold=80","{""long_entry_threshold"": 25, ""long_exit_threshold"": 55, ""rsi_window"": 14, ""short_entry_threshold"": 80}",14,25,55,80
"rsi_reversion_ls|rsi_window=14,long_entry_threshold=25,long_exit_threshold=55,short_entry_threshold=80",1,7.972365872607841,0.01975366956552864,-0.015751345230692437,29,test,7.972365872607841,True,rsi_reversion_ls,rsi_reversion_ls,"rsi_window=14, long_entry_threshold=25, long_exit_threshold=55, short_entry_threshold=80","{""long_entry_threshold"": 25, ""long_exit_threshold"": 55, ""rsi_window"": 14, ""short_entry_threshold"": 80}",14,25,55,80
"rsi_reversion_ls|rsi_window=14,long_entry_threshold=30,long_exit_threshold=45,short_entry_threshold=70",0,-3.122130556587365,-0.024266966907984057,-0.10115397699417894,53,test,-3.122130556587365,True,rsi_reversion_ls,rsi_reversion_ls,"rsi_window=14, long_entry_threshold=30, long_exit_threshold=45, short_entry_threshold=70","{""long_entry_threshold"": 30, ""long_exit_threshold"": 45, ""rsi_window"": 14, ""short_entry_threshold"": 70}",14,30,45,70
"rsi_reversion_ls|rsi_window=14,long_entry_threshold=30,long_exit_threshold=45,short_entry_threshold=70",1,1.3157976686688624,0.003964016654737066,-0.02463662077688733,56,test,1.3157976686688624,True,rsi_reversion_ls,rsi_reversion_ls,"rsi_window=14, long_entry_threshold=30, long_exit_threshold=45, short_entry_threshold=70","{""long_entry_threshold"": 30, ""long_exit_threshold"": 45, ""rsi_window"": 14, ""short_entry_threshold"": 70}",14,30,45,70
"rsi_reversion_ls|rsi_window=14,long_entry_threshold=30,long_exit_threshold=45,short_entry_threshold=75",0,-4.407424816287679,-0.0312112122446556,-0.09452084107357928,44,test,-4.407424816287679,True,rsi_reversion_ls,rsi_reversion_ls,"rsi_window=14, long_entry_threshold=30, long_exit_threshold=45, short_entry_threshold=75","{""long_entry_threshold"": 30, ""long_exit_threshold"": 45, ""rsi_window"": 14, ""short_entry_threshold"": 75}",14,30,45,75
"rsi_reversion_ls|rsi_window=14,long_entry_threshold=30,long_exit_threshold=45,short_entry_threshold=75",1,3.574809065981182,0.011059031788816811,-0.023975532121977783,47,test,3.574809065981182,True,rsi_reversion_ls,rsi_reversion_ls,"rsi_window=14, long_entry_threshold=30, long_exit_threshold=45, short_entry_threshold=75","{""long_entry_threshold"": 30, ""long_exit_threshold"": 45, ""rsi_window"": 14, ""short_entry_threshold"": 75}",14,30,45,75
"rsi_reversion_ls|rsi_window=14,long_entry_threshold=30,long_exit_threshold=45,short_entry_threshold=80",0,-5.614226180766495,-0.037249508948968696,-0.08293427717571977,37,test,-5.614226180766495,True,rsi_reversion_ls,rsi_reversion_ls,"rsi_window=14, long_entry_threshold=30, long_exit_threshold=45, short_entry_threshold=80","{""long_entry_threshold"": 30, ""long_exit_threshold"": 45, ""rsi_window"": 14, ""short_entry_threshold"": 80}",14,30,45,80
"rsi_reversion_ls|rsi_window=14,long_entry_threshold=30,long_exit_threshold=45,short_entry_threshold=80",1,2.8325930205405725,0.007281995708654108,-0.021357591791403396,36,test,2.8325930205405725,True,rsi_reversion_ls,rsi_reversion_ls,"rsi_window=14, long_entry_threshold=30, long_exit_threshold=45, short_entry_threshold=80","{""long_entry_threshold"": 30, ""long_exit_threshold"": 45, ""rsi_window"": 14, ""short_entry_threshold"": 80}",14,30,45,80
"rsi_reversion_ls|rsi_window=14,long_entry_threshold=30,long_exit_threshold=50,short_entry_threshold=70",0,-2.786351120295817,-0.02176968686990449,-0.0970547361786942,53,test,-2.786351120295817,True,rsi_reversion_ls,rsi_reversion_ls,"rsi_window=14, long_entry_threshold=30, long_exit_threshold=50, short_entry_threshold=70","{""long_entry_threshold"": 30, ""long_exit_threshold"": 50, ""rsi_window"": 14, ""short_entry_threshold"": 70}",14,30,50,70
"rsi_reversion_ls|rsi_window=14,long_entry_threshold=30,long_exit_threshold=50,short_entry_threshold=70",1,2.178179448458206,0.006901891281602957,-0.02447870624685966,56,test,2.178179448458206,True,rsi_reversion_ls,rsi_reversion_ls,"rsi_window=14, long_entry_threshold=30, long_exit_threshold=50, short_entry_threshold=70","{""long_entry_threshold"": 30, ""long_exit_threshold"": 50, ""rsi_window"": 14, ""short_entry_threshold"": 70}",14,30,50,70
"rsi_reversion_ls|rsi_window=14,long_entry_threshold=30,long_exit_threshold=50,short_entry_threshold=75",0,-3.9997189492204845,-0.02847327924702165,-0.08915421077484564,44,test,-3.9997189492204845,True,rsi_reversion_ls,rsi_reversion_ls,"rsi_window=14, long_entry_threshold=30, long_exit_threshold=50, short_entry_threshold=75","{""long_entry_threshold"": 30, ""long_exit_threshold"": 50, ""rsi_window"": 14, ""short_entry_threshold"": 75}",14,30,50,75
"rsi_reversion_ls|rsi_window=14,long_entry_threshold=30,long_exit_threshold=50,short_entry_threshold=75",1,5.051052489476341,0.01605212736523879,-0.023817510559528854,47,test,5.051052489476341,True,rsi_reversion_ls,rsi_reversion_ls,"rsi_window=14, long_entry_threshold=30, long_exit_threshold=50, short_entry_threshold=75","{""long_entry_threshold"": 30, ""long_exit_threshold"": 50, ""rsi_window"": 14, ""short_entry_threshold"": 75}",14,30,50,75
"rsi_reversion_ls|rsi_window=14,long_entry_threshold=30,long_exit_threshold=50,short_entry_threshold=80",0,-4.504172707575229,-0.03033891924383397,-0.07719341965812088,37,test,-4.504172707575229,True,rsi_reversion_ls,rsi_reversion_ls,"rsi_window=14, long_entry_threshold=30, long_exit_threshold=50, short_entry_threshold=80","{""long_entry_threshold"": 30, ""long_exit_threshold"": 50, ""rsi_window"": 14, ""short_entry_threshold"": 80}",14,30,50,80
"rsi_reversion_ls|rsi_window=14,long_entry_threshold=30,long_exit_threshold=50,short_entry_threshold=80",1,5.403412305958625,0.014549210718226731,-0.02041023745902093,36,test,5.403412305958625,True,rsi_reversion_ls,rsi_reversion_ls,"rsi_window=14, long_entry_threshold=30, long_exit_threshold=50, short_entry_threshold=80","{""long_entry_threshold"": 30, ""long_exit_threshold"": 50, ""rsi_window"": 14, ""short_entry_threshold"": 80}",14,30,50,80
"rsi_reversion_ls|rsi_window=14,long_entry_threshold=30,long_exit_threshold=55,short_entry_threshold=70",0,1.0193982145286713,0.005369396571748439,-0.07607082496682394,58,test,1.0193982145286713,True,rsi_reversion_ls,rsi_reversion_ls,"rsi_window=14, long_entry_threshold=30, long_exit_threshold=55, short_entry_threshold=70","{""long_entry_threshold"": 30, ""long_exit_threshold"": 55, ""rsi_window"": 14, ""short_entry_threshold"": 70}",14,30,55,70
"rsi_reversion_ls|rsi_window=14,long_entry_threshold=30,long_exit_threshold=55,short_entry_threshold=70",1,3.826957845968497,0.012603215812428062,-0.024810270055285355,58,test,3.826957845968497,True,rsi_reversion_ls,rsi_reversion_ls,"rsi_window=14, long_entry_threshold=30, long_exit_threshold=55, short_entry_threshold=70","{""long_entry_threshold"": 30, ""long_exit_threshold"": 55, ""rsi_window"": 14, ""short_entry_threshold"": 70}",14,30,55,70
"rsi_reversion_ls|rsi_window=14,long_entry_threshold=30,long_exit_threshold=55,short_entry_threshold=75",0,-1.5519693234261809,-0.011888847704716909,-0.07347805674710828,45,test,-1.5519693234261809,True,rsi_reversion_ls,rsi_reversion_ls,"rsi_window=14, long_entry_threshold=30, long_exit_threshold=55, short_entry_threshold=75","{""long_entry_threshold"": 30, ""long_exit_threshold"": 55, ""rsi_window"": 14, ""short_entry_threshold"": 75}",14,30,55,75
"rsi_reversion_ls|rsi_window=14,long_entry_threshold=30,long_exit_threshold=55,short_entry_threshold=75",1,6.302452344269637,0.020444573522111795,-0.024149299097603882,47,test,6.302452344269637,True,rsi_reversion_ls,rsi_reversion_ls,"rsi_window=14, long_entry_threshold=30, long_exit_threshold=55, short_entry_threshold=75","{""long_entry_threshold"": 30, ""long_exit_threshold"": 55, ""rsi_window"": 14, ""short_entry_threshold"": 75}",14,30,55,75
"rsi_reversion_ls|rsi_window=14,long_entry_threshold=30,long_exit_threshold=55,short_entry_threshold=80",0,-1.7132520231648678,-0.012394315151466913,-0.07132870658190571,38,test,-1.7132520231648678,True,rsi_reversion_ls,rsi_reversion_ls,"rsi_window=14, long_entry_threshold=30, long_exit_threshold=55, short_entry_threshold=80","{""long_entry_threshold"": 30, ""long_exit_threshold"": 55, ""rsi_window"": 14, ""short_entry_threshold"": 80}",14,30,55,80
"rsi_reversion_ls|rsi_window=14,long_entry_threshold=30,long_exit_threshold=55,short_entry_threshold=80",1,8.07810290485205,0.022845459098277388,-0.020753564256487778,36,test,8.07810290485205,True,rsi_reversion_ls,rsi_reversion_ls,"rsi_window=14, long_entry_threshold=30, long_exit_threshold=55, short_entry_threshold=80","{""long_entry_threshold"": 30, ""long_exit_threshold"": 55, ""rsi_window"": 14, ""short_entry_threshold"": 80}",14,30,55,80
"rsi_reversion_ls|rsi_window=21,long_entry_threshold=20,long_exit_threshold=45,short_entry_threshold=70",0,-8.796248166460318,-0.05319126111744481,-0.08284390043758427,13,test,-8.796248166460318,True,rsi_reversion_ls,rsi_reversion_ls,"rsi_window=21, long_entry_threshold=20, long_exit_threshold=45, short_entry_threshold=70","{""long_entry_threshold"": 20, ""long_exit_threshold"": 45, ""rsi_window"": 21, ""short_entry_threshold"": 70}",21,20,45,70
"rsi_reversion_ls|rsi_window=21,long_entry_threshold=20,long_exit_threshold=45,short_entry_threshold=70",1,2.603456044245763,0.007862093099955246,-0.020070769458593984,20,test,2.603456044245763,True,rsi_reversion_ls,rsi_reversion_ls,"rsi_window=21, long_entry_threshold=20, long_exit_threshold=45, short_entry_threshold=70","{""long_entry_threshold"": 20, ""long_exit_threshold"": 45, ""rsi_window"": 21, ""short_entry_threshold"": 70}",21,20,45,70
"rsi_reversion_ls|rsi_window=21,long_entry_threshold=20,long_exit_threshold=45,short_entry_threshold=75",0,-8.504885203959777,-0.04598764443122048,-0.07713326493171113,10,test,-8.504885203959777,True,rsi_reversion_ls,rsi_reversion_ls,"rsi_window=21, long_entry_threshold=20, long_exit_threshold=45, short_entry_threshold=75","{""long_entry_threshold"": 20, ""long_exit_threshold"": 45, ""rsi_window"": 21, ""short_entry_threshold"": 75}",21,20,45,75
"rsi_reversion_ls|rsi_window=21,long_entry_threshold=20,long_exit_threshold=45,short_entry_threshold=75",1,1.2623356791214242,0.00310900109253555,-0.014581045177402996,11,test,1.2623356791214242,True,rsi_reversion_ls,rsi_reversion_ls,"rsi_window=21, long_entry_threshold=20, long_exit_threshold=45, short_entry_threshold=75","{""long_entry_threshold"": 20, ""long_exit_threshold"": 45, ""rsi_window"": 21, ""short_entry_threshold"": 75}",21,20,45,75
"rsi_reversion_ls|rsi_window=21,long_entry_threshold=20,long_exit_threshold=45,short_entry_threshold=80",0,-2.2371582476763683,-0.009143447793568953,-0.0469043316673623,7,test,-2.2371582476763683,True,rsi_reversion_ls,rsi_reversion_ls,"rsi_window=21, long_entry_threshold=20, long_exit_threshold=45, short_entry_threshold=80","{""long_entry_threshold"": 20, ""long_exit_threshold"": 45, ""rsi_window"": 21, ""short_entry_threshold"": 80}",21,20,45,80
"rsi_reversion_ls|rsi_window=21,long_entry_threshold=20,long_exit_threshold=45,short_entry_threshold=80",1,3.2251783411505897,0.00768579185658848,-0.011950257437422618,7,test,3.2251783411505897,True,rsi_reversion_ls,rsi_reversion_ls,"rsi_window=21, long_entry_threshold=20, long_exit_threshold=45, short_entry_threshold=80","{""long_entry_threshold"": 20, ""long_exit_threshold"": 45, ""rsi_window"": 21, ""short_entry_threshold"": 80}",21,20,45,80
"rsi_reversion_ls|rsi_window=21,long_entry_threshold=20,long_exit_threshold=50,short_entry_threshold=70",0,-8.395646308451651,-0.04807386952882609,-0.09557684451147741,14,test,-8.395646308451651,True,rsi_reversion_ls,rsi_reversion_ls,"rsi_window=21, long_entry_threshold=20, long_exit_threshold=50, short_entry_threshold=70","{""long_entry_threshold"": 20, ""long_exit_threshold"": 50, ""rsi_window"": 21, ""short_entry_threshold"": 70}",21,20,50,70
"rsi_reversion_ls|rsi_window=21,long_entry_threshold=20,long_exit_threshold=50,short_entry_threshold=70",1,3.9942733033108815,0.010397166159681205,-0.014485637908854043,21,test,3.9942733033108815,True,rsi_reversion_ls,rsi_reversion_ls,"rsi_window=21, long_entry_threshold=20, long_exit_threshold=50, short_entry_threshold=70","{""long_entry_threshold"": 20, ""long_exit_threshold"": 50, ""rsi_window"": 21, ""short_entry_threshold"": 70}",21,20,50,70
"rsi_reversion_ls|rsi_window=21,long_entry_threshold=20,long_exit_threshold=50,short_entry_threshold=75",0,-5.261804107177728,-0.027204939565285486,-0.08230755434977455,11,test,-5.261804107177728,True,rsi_reversion_ls,rsi_reversion_ls,"rsi_window=21, long_entry_threshold=20, long_exit_threshold=50, short_entry_threshold=75","{""long_entry_threshold"": 20, ""long_exit_threshold"": 50, ""rsi_window"": 21, ""short_entry_threshold"": 75}",21,20,50,75
"rsi_reversion_ls|rsi_window=21,long_entry_threshold=20,long_exit_threshold=50,short_entry_threshold=75",1,-1.5226457207972457,-0.0040710303874859615,-0.014581045177402996,11,test,-1.5226457207972457,True,rsi_reversion_ls,rsi_reversion_ls,"rsi_window=21, long_entry_threshold=20, long_exit_threshold=50, short_entry_threshold=75","{""long_entry_threshold"": 20, ""long_exit_threshold"": 50, ""rsi_window"": 21, ""short_entry_threshold"": 75}",21,20,50,75
"rsi_reversion_ls|rsi_window=21,long_entry_threshold=20,long_exit_threshold=50,short_entry_threshold=80",0,-3.478789755055263,-0.013572126274415269,-0.050065439658683375,7,test,-3.478789755055263,True,rsi_reversion_ls,rsi_reversion_ls,"rsi_window=21, long_entry_threshold=20, long_exit_threshold=50, short_entry_threshold=80","{""long_entry_threshold"": 20, ""long_exit_threshold"": 50, ""rsi_window"": 21, ""short_entry_threshold"": 80}",21,20,50,80
"rsi_reversion_ls|rsi_window=21,long_entry_threshold=20,long_exit_threshold=50,short_entry_threshold=80",1,0.5040997113409619,0.0009647093099226823,-0.014423907349054077,7,test,0.5040997113409619,True,rsi_reversion_ls,rsi_reversion_ls,"rsi_window=21, long_entry_threshold=20, long_exit_threshold=50, short_entry_threshold=80","{""long_entry_threshold"": 20, ""long_exit_threshold"": 50, ""rsi_window"": 21, ""short_entry_threshold"": 80}",21,20,50,80
"rsi_reversion_ls|rsi_window=21,long_entry_threshold=20,long_exit_threshold=55,short_entry_threshold=70",0,-2.6286893664607978,-0.015006474031262883,-0.06482098588495089,15,test,-2.6286893664607978,True,rsi_reversion_ls,rsi_reversion_ls,"rsi_window=21, long_entry_threshold=20, long_exit_threshold=55, short_entry_threshold=70","{""long_entry_threshold"": 20, ""long_exit_threshold"": 55, ""rsi_window"": 21, ""short_entry_threshold"": 70}",21,20,55,70
"rsi_reversion_ls|rsi_window=21,long_entry_threshold=20,long_exit_threshold=55,short_entry_threshold=70",1,3.8264533409900516,0.00995375833219157,-0.015178232213776788,21,test,3.8264533409900516,True,rsi_reversion_ls,rsi_reversion_ls,"rsi_window=21, long_entry_threshold=20, long_exit_threshold=55, short_entry_threshold=70","{""long_entry_threshold"": 20, ""long_exit_threshold"": 55, ""rsi_window"": 21, ""short_entry_threshold"": 70}",21,20,55,70
"rsi_reversion_ls|rsi_window=21,long_entry_threshold=20,long_exit_threshold=55,short_entry_threshold=75",0,-0.16253174612293128,-0.0015319897481039107,-0.06004181856808466,11,test,-0.16253174612293128,True,rsi_reversion_ls,rsi_reversion_ls,"rsi_window=21, long_entry_threshold=20, long_exit_threshold=55, short_entry_threshold=75","{""long_entry_threshold"": 20, ""long_exit_threshold"": 55, ""rsi_window"": 21, ""short_entry_threshold"": 75}",21,20,55,75
"rsi_reversion_ls|rsi_window=21,long_entry_threshold=20,long_exit_threshold=55,short_entry_threshold=75",1,0.1660121864672107,0.00018630668088599124,-0.014581045177402885,11,test,0.1660121864672107,True,rsi_reversion_ls,rsi_reversion_ls,"rsi_window=21, long_entry_threshold=20, long_exit_threshold=55, short_entry_threshold=75","{""long_entry_threshold"": 20, ""long_exit_threshold"": 55, ""rsi_window"": 21, ""short_entry_threshold"": 75}",21,20,55,75
"rsi_reversion_ls|rsi_window=21,long_entry_threshold=20,long_exit_threshold=55,short_entry_threshold=80",0,-2.7970260429761677,-0.011031650063768097,-0.048576267038133,7,test,-2.7970260429761677,True,rsi_reversion_ls,rsi_reversion_ls,"rsi_window=21, long_entry_threshold=20, long_exit_threshold=55, short_entry_threshold=80","{""long_entry_threshold"": 20, ""long_exit_threshold"": 55, ""rsi_window"": 21, ""short_entry_threshold"": 80}",21,20,55,80
"rsi_reversion_ls|rsi_window=21,long_entry_threshold=20,long_exit_threshold=55,short_entry_threshold=80",1,2.31258609229437,0.005222975604981911,-0.0144908580091343,7,test,2.31258609229437,True,rsi_reversion_ls,rsi_reversion_ls,"rsi_window=21, long_entry_threshold=20, long_exit_threshold=55, short_entry_threshold=80","{""long_entry_threshold"": 20, ""long_exit_threshold"": 55, ""rsi_window"": 21, ""short_entry_threshold"": 80}",21,20,55,80
"rsi_reversion_ls|rsi_window=21,long_entry_threshold=25,long_exit_threshold=45,short_entry_threshold=70",0,-9.940422425168306,-0.06092724609837296,-0.08416989110188133,14,test,-9.940422425168306,True,rsi_reversion_ls,rsi_reversion_ls,"rsi_window=21, long_entry_threshold=25, long_exit_threshold=45, short_entry_threshold=70","{""long_entry_threshold"": 25, ""long_exit_threshold"": 45, ""rsi_window"": 21, ""short_entry_threshold"": 70}",21,25,45,70
"rsi_reversion_ls|rsi_window=21,long_entry_threshold=25,long_exit_threshold=45,short_entry_threshold=70",1,1.4469988344808797,0.004296500061845904,-0.020070769458593984,23,test,1.4469988344808797,True,rsi_reversion_ls,rsi_reversion_ls,"rsi_window=21, long_entry_threshold=25, long_exit_threshold=45, short_entry_threshold=70","{""long_entry_threshold"": 25, ""long_exit_threshold"": 45, ""rsi_window"": 21, ""short_entry_threshold"": 70}",21,25,45,70
"rsi_reversion_ls|rsi_window=21,long_entry_threshold=25,long_exit_threshold=45,short_entry_threshold=75",0,-9.764696754426293,-0.053782487202750306,-0.07906389381941892,11,test,-9.764696754426293,True,rsi_reversion_ls,rsi_reversion_ls,"rsi_window=21, long_entry_threshold=25, long_exit_threshold=45, short_entry_threshold=75","{""long_entry_threshold"": 25, ""long_exit_threshold"": 45, ""rsi_window"": 21, ""short_entry_threshold"": 75}",21,25,45,75
"rsi_reversion_ls|rsi_window=21,long_entry_threshold=25,long_exit_threshold=45,short_entry_threshold=75",1,-0.05908505080654387,-0.00043977655794560634,-0.014581045177402996,14,test,-0.05908505080654387,True,rsi_reversion_ls,rsi_reversion_ls,"rsi_window=21, long_entry_threshold=25, long_exit_threshold=45, short_entry_threshold=75","{""long_entry_threshold"": 25, ""long_exit_threshold"": 45, ""rsi_window"": 21, ""short_entry_threshold"": 75}",21,25,45,75
"rsi_reversion_ls|rsi_window=21,long_entry_threshold=25,long_exit_threshold=45,short_entry_threshold=80",0,-4.143397727311222,-0.017239329349510512,-0.048898199210866466,8,test,-4.143397727311222,True,rsi_reversion_ls,rsi_reversion_ls,"rsi_window=21, long_entry_threshold=25, long_exit_threshold=45, short_entry_threshold=80","{""long_entry_threshold"": 25, ""long_exit_threshold"": 45, ""rsi_window"": 21, ""short_entry_threshold"": 80}",21,25,45,80
"rsi_reversion_ls|rsi_window=21,long_entry_threshold=25,long_exit_threshold=45,short_entry_threshold=80",1,1.7107653075354305,0.004120822533261844,-0.012153319176688826,10,test,1.7107653075354305,True,rsi_reversion_ls,rsi_reversion_ls,"rsi_window=21, long_entry_threshold=25, long_exit_threshold=45, short_entry_threshold=80","{""long_entry_threshold"": 25, ""long_exit_threshold"": 45, ""rsi_window"": 21, ""short_entry_threshold"": 80}",21,25,45,80
"rsi_reversion_ls|rsi_window=21,long_entry_threshold=25,long_exit_threshold=50,short_entry_threshold=70",0,-9.60223392237794,-0.05585166661271205,-0.09746888959702038,15,test,-9.60223392237794,True,rsi_reversion_ls,rsi_reversion_ls,"rsi_window=21, long_entry_threshold=25, long_exit_threshold=50, short_entry_threshold=70","{""long_entry_threshold"": 25, ""long_exit_threshold"": 50, ""rsi_window"": 21, ""short_entry_threshold"": 70}",21,25,50,70
"rsi_reversion_ls|rsi_window=21,long_entry_threshold=25,long_exit_threshold=50,short_entry_threshold=70",1,2.580497484432659,0.006849299371094048,-0.016621087700717907,24,test,2.580497484432659,True,rsi_reversion_ls,rsi_reversion_ls,"rsi_window=21, long_entry_threshold=25, long_exit_threshold=50, short_entry_threshold=70","{""long_entry_threshold"": 25, ""long_exit_threshold"": 50, ""rsi_window"": 21, ""short_entry_threshold"": 70}",21,25,50,70
"rsi_reversion_ls|rsi_window=21,long_entry_threshold=25,long_exit_threshold=50,short_entry_threshold=75",0,-6.678563954854112,-0.03515324809687536,-0.0842273586706791,12,test,-6.678563954854112,True,rsi_reversion_ls,rsi_reversion_ls,"rsi_window=21, long_entry_threshold=25, long_exit_threshold=50, short_entry_threshold=75","{""long_entry_threshold"": 25, ""long_exit_threshold"": 50, ""rsi_window"": 21, ""short_entry_threshold"": 75}",21,25,50,75
"rsi_reversion_ls|rsi_window=21,long_entry_threshold=25,long_exit_threshold=50,short_entry_threshold=75",1,-2.7935144843944335,-0.007568094149560579,-0.017189033878226123,14,test,-2.7935144843944335,True,rsi_reversion_ls,rsi_reversion_ls,"rsi_window=21, long_entry_threshold=25, long_exit_threshold=50, short_entry_threshold=75","{""long_entry_threshold"": 25, ""long_exit_threshold"": 50, ""rsi_window"": 21, ""short_entry_threshold"": 75}",21,25,50,75
"rsi_reversion_ls|rsi_window=21,long_entry_threshold=25,long_exit_threshold=50,short_entry_threshold=80",0,-5.360727355738124,-0.021631822919079127,-0.05205269419277414,8,test,-5.360727355738124,True,rsi_reversion_ls,rsi_reversion_ls,"rsi_window=21, long_entry_threshold=25, long_exit_threshold=50, short_entry_threshold=80","{""long_entry_threshold"": 25, ""long_exit_threshold"": 50, ""rsi_window"": 21, ""short_entry_threshold"": 80}",21,25,50,80
"rsi_reversion_ls|rsi_window=21,long_entry_threshold=25,long_exit_threshold=50,short_entry_threshold=80",1,-0.9734118642973244,-0.0025500367400942423,-0.01659080099170529,10,test,-0.9734118642973244,True,rsi_reversion_ls,rsi_reversion_ls,"rsi_window=21, long_entry_threshold=25, long_exit_threshold=50, short_entry_threshold=80","{""long_entry_threshold"": 25, ""long_exit_threshold"": 50, ""rsi_window"": 21, ""short_entry_threshold"": 80}",21,25,50,80
"rsi_reversion_ls|rsi_window=21,long_entry_threshold=25,long_exit_threshold=55,short_entry_threshold=70",0,-3.612202444620337,-0.02074901165491758,-0.06677737194939626,16,test,-3.612202444620337,True,rsi_reversion_ls,rsi_reversion_ls,"rsi_window=21, long_entry_threshold=25, long_exit_threshold=55, short_entry_threshold=70","{""long_entry_threshold"": 25, ""long_exit_threshold"": 55, ""rsi_window"": 21, ""short_entry_threshold"": 70}",21,25,55,70
"rsi_reversion_ls|rsi_window=21,long_entry_threshold=25,long_exit_threshold=55,short_entry_threshold=70",1,3.437891430281968,0.009296978463044638,-0.015178232213776788,24,test,3.437891430281968,True,rsi_reversion_ls,rsi_reversion_ls,"rsi_window=21, long_entry_threshold=25, long_exit_threshold=55, short_entry_threshold=70","{""long_entry_threshold"": 25, ""long_exit_threshold"": 55, ""rsi_window"": 21, ""short_entry_threshold"": 70}",21,25,55,70
"rsi_reversion_ls|rsi_window=21,long_entry_threshold=25,long_exit_threshold=55,short_entry_threshold=75",0,-1.364766561837312,-0.0073530839621483894,-0.062008202607462204,12,test,-1.364766561837312,True,rsi_reversion_ls,rsi_reversion_ls,"rsi_window=21, long_entry_threshold=25, long_exit_threshold=55, short_entry_threshold=75","{""long_entry_threshold"": 25, ""long_exit_threshold"": 55, ""rsi_window"": 21, ""short_entry_threshold"": 75}",21,25,55,75
"rsi_reversion_ls|rsi_window=21,long_entry_threshold=25,long_exit_threshold=55,short_entry_threshold=75",1,-0.0766948239073024,-0.00046412134733429865,-0.015054412225883551,14,test,-0.0766948239073024,True,rsi_reversion_ls,rsi_reversion_ls,"rsi_window=21, long_entry_threshold=25, long_exit_threshold=55, short_entry_threshold=75","{""long_entry_threshold"": 25, ""long_exit_threshold"": 55, ""rsi_window"": 21, ""short_entry_threshold"": 75}",21,25,55,75
"rsi_reversion_ls|rsi_window=21,long_entry_threshold=25,long_exit_threshold=55,short_entry_threshold=80",0,-4.10834819397415,-0.01679736101351989,-0.05056663690791641,8,test,-4.10834819397415,True,rsi_reversion_ls,rsi_reversion_ls,"rsi_window=21, long_entry_threshold=25, long_exit_threshold=55, short_entry_threshold=80","{""long_entry_threshold"": 25, ""long_exit_threshold"": 55, ""rsi_window"": 21, ""short_entry_threshold"": 80}",21,25,55,80
"rsi_reversion_ls|rsi_window=21,long_entry_threshold=25,long_exit_threshold=55,short_entry_threshold=80",1,1.9345445268877277,0.0045692721963498575,-0.015023819407425032,10,test,1.9345445268877277,True,rsi_reversion_ls,rsi_reversion_ls,"rsi_window=21, long_entry_threshold=25, long_exit_threshold=55, short_entry_threshold=80","{""long_entry_threshold"": 25, ""long_exit_threshold"": 55, ""rsi_window"": 21, ""short_entry_threshold"": 80}",21,25,55,80
"rsi_reversion_ls|rsi_window=21,long_entry_threshold=30,long_exit_threshold=45,short_entry_threshold=70",0,-7.822056876843862,-0.05166152227901148,-0.07969379054429226,22,test,-7.822056876843862,True,rsi_reversion_ls,rsi_reversion_ls,"rsi_window=21, long_entry_threshold=30, long_exit_threshold=45, short_entry_threshold=70","{""long_entry_threshold"": 30, ""long_exit_threshold"": 45, ""rsi_window"": 21, ""short_entry_threshold"": 70}",21,30,45,70
"rsi_reversion_ls|rsi_window=21,long_entry_threshold=30,long_exit_threshold=45,short_entry_threshold=70",1,0.23492121249584824,0.0003774816073002967,-0.01764824757671779,30,test,0.23492121249584824,True,rsi_reversion_ls,rsi_reversion_ls,"rsi_window=21, long_entry_threshold=30, long_exit_threshold=45, short_entry_threshold=70","{""long_entry_threshold"": 30, ""long_exit_threshold"": 45, ""rsi_window"": 21, ""short_entry_threshold"": 70}",21,30,45,70
"rsi_reversion_ls|rsi_window=21,long_entry_threshold=30,long_exit_threshold=45,short_entry_threshold=75",0,-7.378596581918959,-0.04444626686178481,-0.07456283780659745,19,test,-7.378596581918959,True,rsi_reversion_ls,rsi_reversion_ls,"rsi_window=21, long_entry_threshold=30, long_exit_threshold=45, short_entry_threshold=75","{""long_entry_threshold"": 30, ""long_exit_threshold"": 45, ""rsi_window"": 21, ""short_entry_threshold"": 75}",21,30,45,75
"rsi_reversion_ls|rsi_window=21,long_entry_threshold=30,long_exit_threshold=45,short_entry_threshold=75",1,-1.3863049382518589,-0.004340312865558189,-0.020249510454054986,21,test,-1.3863049382518589,True,rsi_reversion_ls,rsi_reversion_ls,"rsi_window=21, long_entry_threshold=30, long_exit_threshold=45, short_entry_threshold=75","{""long_entry_threshold"": 30, ""long_exit_threshold"": 45, ""rsi_window"": 21, ""short_entry_threshold"": 75}",21,30,45,75
"rsi_reversion_ls|rsi_window=21,long_entry_threshold=30,long_exit_threshold=45,short_entry_threshold=80",0,-1.4650702712879986,-0.007542541835503244,-0.04813108567135638,16,test,-1.4650702712879986,True,rsi_reversion_ls,rsi_reversion_ls,"rsi_window=21, long_entry_threshold=30, long_exit_threshold=45, short_entry_threshold=80","{""long_entry_threshold"": 30, ""long_exit_threshold"": 45, ""rsi_window"": 21, ""short_entry_threshold"": 80}",21,30,45,80
"rsi_reversion_ls|rsi_window=21,long_entry_threshold=30,long_exit_threshold=45,short_entry_threshold=80",1,0.17355544176890234,0.00020248961677793887,-0.019617274909465965,17,test,0.17355544176890234,True,rsi_reversion_ls,rsi_reversion_ls,"rsi_window=21, long_entry_threshold=30, long_exit_threshold=45, short_entry_threshold=80","{""long_entry_threshold"": 30, ""long_exit_threshold"": 45, ""rsi_window"": 21, ""short_entry_threshold"": 80}",21,30,45,80
"rsi_reversion_ls|rsi_window=21,long_entry_threshold=30,long_exit_threshold=50,short_entry_threshold=70",0,-5.656518718164692,-0.036953294118316195,-0.08460554237693974,23,test,-5.656518718164692,True,rsi_reversion_ls,rsi_reversion_ls,"rsi_window=21, long_entry_threshold=30, long_exit_threshold=50, short_entry_threshold=70","{""long_entry_threshold"": 30, ""long_exit_threshold"": 50, ""rsi_window"": 21, ""short_entry_threshold"": 70}",21,30,50,70
"rsi_reversion_ls|rsi_window=21,long_entry_threshold=30,long_exit_threshold=50,short_entry_threshold=70",1,1.691292721744963,0.004669268456670466,-0.02155662403382097,30,test,1.691292721744963,True,rsi_reversion_ls,rsi_reversion_ls,"rsi_window=21, long_entry_threshold=30, long_exit_threshold=50, short_entry_threshold=70","{""long_entry_threshold"": 30, ""long_exit_threshold"": 50, ""rsi_window"": 21, ""short_entry_threshold"": 70}",21,30,50,70
"rsi_reversion_ls|rsi_window=21,long_entry_threshold=30,long_exit_threshold=50,short_entry_threshold=75",0,-2.5375501236290865,-0.015840569492597864,-0.07117528619994662,20,test,-2.5375501236290865,True,rsi_reversion_ls,rsi_reversion_ls,"rsi_window=21, long_entry_threshold=30, long_exit_threshold=50, short_entry_threshold=75","{""long_entry_threshold"": 30, ""long_exit_threshold"": 50, ""rsi_window"": 21, ""short_entry_threshold"": 75}",21,30,50,75
"rsi_reversion_ls|rsi_window=21,long_entry_threshold=30,long_exit_threshold=50,short_entry_threshold=75",1,-3.3522087828747607,-0.009716908511913857,-0.024552693275885384,20,test,-3.3522087828747607,True,rsi_reversion_ls,rsi_reversion_ls,"rsi_window=21, long_entry_threshold=30, long_exit_threshold=50, short_entry_threshold=75","{""long_entry_threshold"": 30, ""long_exit_threshold"": 50, ""rsi_window"": 21, ""short_entry_threshold"": 75}",21,30,50,75
"rsi_reversion_ls|rsi_window=21,long_entry_threshold=30,long_exit_threshold=50,short_entry_threshold=80",0,-0.2611331553873419,-0.0020484951798847534,-0.040512969843628066,16,test,-0.2611331553873419,True,rsi_reversion_ls,rsi_reversion_ls,"rsi_window=21, long_entry_threshold=30, long_exit_threshold=50, short_entry_threshold=80","{""long_entry_threshold"": 30, ""long_exit_threshold"": 50, ""rsi_window"": 21, ""short_entry_threshold"": 80}",21,30,50,80
"rsi_reversion_ls|rsi_window=21,long_entry_threshold=30,long_exit_threshold=50,short_entry_threshold=80",1,-1.7064951857534363,-0.004709716204395363,-0.024049944897974518,16,test,-1.7064951857534363,True,rsi_reversion_ls,rsi_reversion_ls,"rsi_window=21, long_entry_threshold=30, long_exit_threshold=50, short_entry_threshold=80","{""long_entry_threshold"": 30, ""long_exit_threshold"": 50, ""rsi_window"": 21, ""short_entry_threshold"": 80}",21,30,50,80
"rsi_reversion_ls|rsi_window=21,long_entry_threshold=30,long_exit_threshold=55,short_entry_threshold=70",0,-0.18277481494581804,-0.002509532805188087,-0.06027945167572757,24,test,-0.18277481494581804,True,rsi_reversion_ls,rsi_reversion_ls,"rsi_window=21, long_entry_threshold=30, long_exit_threshold=55, short_entry_threshold=70","{""long_entry_threshold"": 30, ""long_exit_threshold"": 55, ""rsi_window"": 21, ""short_entry_threshold"": 70}",21,30,55,70
"rsi_reversion_ls|rsi_window=21,long_entry_threshold=30,long_exit_threshold=55,short_entry_threshold=70",1,3.288543012950173,0.00950794642608605,-0.01999781163559966,30,test,3.288543012950173,True,rsi_reversion_ls,rsi_reversion_ls,"rsi_window=21, long_entry_threshold=30, long_exit_threshold=55, short_entry_threshold=70","{""long_entry_threshold"": 30, ""long_exit_threshold"": 55, ""rsi_window"": 21, ""short_entry_threshold"": 70}",21,30,55,70
"rsi_reversion_ls|rsi_window=21,long_entry_threshold=30,long_exit_threshold=55,short_entry_threshold=75",0,2.20077201559599,0.011135906751987022,-0.05547707516411948,20,test,2.20077201559599,True,rsi_reversion_ls,rsi_reversion_ls,"rsi_window=21, long_entry_threshold=30, long_exit_threshold=55, short_entry_threshold=75","{""long_entry_threshold"": 30, ""long_exit_threshold"": 55, ""rsi_window"": 21, ""short_entry_threshold"": 75}",21,30,55,75
"rsi_reversion_ls|rsi_window=21,long_entry_threshold=30,long_exit_threshold=55,short_entry_threshold=75",1,0.016281219744856468,-0.00025519369491200903,-0.019997811635600327,20,test,0.016281219744856468,True,rsi_reversion_ls,rsi_reversion_ls,"rsi_window=21, long_entry_threshold=30, long_exit_threshold=55, short_entry_threshold=75","{""long_entry_threshold"": 30, ""long_exit_threshold"": 55, ""rsi_window"": 21, ""short_entry_threshold"": 75}",21,30,55,75
"rsi_reversion_ls|rsi_window=21,long_entry_threshold=30,long_exit_threshold=55,short_entry_threshold=80",0,0.4891214250195946,0.0015157210790479212,-0.04395584317757495,16,test,0.4891214250195946,True,rsi_reversion_ls,rsi_reversion_ls,"rsi_window=21, long_entry_threshold=30, long_exit_threshold=55, short_entry_threshold=80","{""long_entry_threshold"": 30, ""long_exit_threshold"": 55, ""rsi_window"": 21, ""short_entry_threshold"": 80}",21,30,55,80
"rsi_reversion_ls|rsi_window=21,long_entry_threshold=30,long_exit_threshold=55,short_entry_threshold=80",1,1.8662747605132135,0.0047792519521723306,-0.019967372361177183,16,test,1.8662747605132135,True,rsi_reversion_ls,rsi_reversion_ls,"rsi_window=21, long_entry_threshold=30, long_exit_threshold=55, short_entry_threshold=80","{""long_entry_threshold"": 30, ""long_exit_threshold"": 55, ""rsi_window"": 21, ""short_entry_threshold"": 80}",21,30,55,80
"rsi_reversion_ls|rsi_window=7,long_entry_threshold=20,long_exit_threshold=45,short_entry_threshold=70",0,-3.8236073454412343,-0.02996497637339621,-0.09691983415942285,106,test,-3.8236073454412343,True,rsi_reversion_ls,rsi_reversion_ls,"rsi_window=7, long_entry_threshold=20, long_exit_threshold=45, short_entry_threshold=70","{""long_entry_threshold"": 20, ""long_exit_threshold"": 45, ""rsi_window"": 7, ""short_entry_threshold"": 70}",7,20,45,70
"rsi_reversion_ls|rsi_window=7,long_entry_threshold=20,long_exit_threshold=45,short_entry_threshold=70",1,-4.252433190964148,-0.015947353387357907,-0.032596247071784656,114,test,-4.252433190964148,True,rsi_reversion_ls,rsi_reversion_ls,"rsi_window=7, long_entry_threshold=20, long_exit_threshold=45, short_entry_threshold=70","{""long_entry_threshold"": 20, ""long_exit_threshold"": 45, ""rsi_window"": 7, ""short_entry_threshold"": 70}",7,20,45,70
"rsi_reversion_ls|rsi_window=7,long_entry_threshold=20,long_exit_threshold=45,short_entry_threshold=75",0,-2.494053175480755,-0.019279700034039934,-0.08340628819555529,96,test,-2.494053175480755,True,rsi_reversion_ls,rsi_reversion_ls,"rsi_window=7, long_entry_threshold=20, long_exit_threshold=45, short_entry_threshold=75","{""long_entry_threshold"": 20, ""long_exit_threshold"": 45, ""rsi_window"": 7, ""short_entry_threshold"": 75}",7,20,45,75
"rsi_reversion_ls|rsi_window=7,long_entry_threshold=20,long_exit_threshold=45,short_entry_threshold=75",1,-2.4481504382113966,-0.00921749484130214,-0.0303293079172704,104,test,-2.4481504382113966,True,rsi_reversion_ls,rsi_reversion_ls,"rsi_window=7, long_entry_threshold=20, long_exit_threshold=45, short_entry_threshold=75","{""long_entry_threshold"": 20, ""long_exit_threshold"": 45, ""rsi_window"": 7, ""short_entry_threshold"": 75}",7,20,45,75
"rsi_reversion_ls|rsi_window=7,long_entry_threshold=20,long_exit_threshold=45,short_entry_threshold=80",0,-4.100100106024542,-0.02871031101133997,-0.07931132747699987,80,test,-4.100100106024542,True,rsi_reversion_ls,rsi_reversion_ls,"rsi_window=7, long_entry_threshold=20, long_exit_threshold=45, short_entry_threshold=80","{""long_entry_threshold"": 20, ""long_exit_threshold"": 45, ""rsi_window"": 7, ""short_entry_threshold"": 80}",7,20,45,80
"rsi_reversion_ls|rsi_window=7,long_entry_threshold=20,long_exit_threshold=45,short_entry_threshold=80",1,-2.779892795123463,-0.010019419073814788,-0.027921911696373036,91,test,-2.779892795123463,True,rsi_reversion_ls,rsi_reversion_ls,"rsi_window=7, long_entry_threshold=20, long_exit_threshold=45, short_entry_threshold=80","{""long_entry_threshold"": 20, ""long_exit_threshold"": 45, ""rsi_window"": 7, ""short_entry_threshold"": 80}",7,20,45,80
"rsi_reversion_ls|rsi_window=7,long_entry_threshold=20,long_exit_threshold=50,short_entry_threshold=70",0,-2.2012127585120593,-0.017457306609011652,-0.09388517806926455,110,test,-2.2012127585120593,True,rsi_reversion_ls,rsi_reversion_ls,"rsi_window=7, long_entry_threshold=20, long_exit_threshold=50, short_entry_threshold=70","{""long_entry_threshold"": 20, ""long_exit_threshold"": 50, ""rsi_window"": 7, ""short_entry_threshold"": 70}",7,20,50,70
"rsi_reversion_ls|rsi_window=7,long_entry_threshold=20,long_exit_threshold=50,short_entry_threshold=70",1,0.0731229302148415,-0.0001949063753942255,-0.02588428199498649,118,test,0.0731229302148415,True,rsi_reversion_ls,rsi_reversion_ls,"rsi_window=7, long_entry_threshold=20, long_exit_threshold=50, short_entry_threshold=70","{""long_entry_threshold"": 20, ""long_exit_threshold"": 50, ""rsi_window"": 7, ""short_entry_threshold"": 70}",7,20,50,70
"rsi_reversion_ls|rsi_window=7,long_entry_threshold=20,long_exit_threshold=50,short_entry_threshold=75",0,-0.8626018235464258,-0.007492607278533797,-0.07973049953672284,98,test,-0.8626018235464258,True,rsi_reversion_ls,rsi_reversion_ls,"rsi_window=7, long_entry_threshold=20, long_exit_threshold=50, short_entry_threshold=75","{""long_entry_threshold"": 20, ""long_exit_threshold"": 50, ""rsi_window"": 7, ""short_entry_threshold"": 75}",7,20,50,75
"rsi_reversion_ls|rsi_window=7,long_entry_threshold=20,long_exit_threshold=50,short_entry_threshold=75",1,1.332671672032957,0.004163647706536949,-0.02525918457682863,106,test,1.332671672032957,True,rsi_reversion_ls,rsi_reversion_ls,"rsi_window=7, long_entry_threshold=20, long_exit_threshold=50, short_entry_threshold=75","{""long_entry_threshold"": 20, ""long_exit_threshold"": 50, ""rsi_window"": 7, ""short_entry_threshold"": 75}",7,20,50,75
"rsi_reversion_ls|rsi_window=7,long_entry_threshold=20,long_exit_threshold=50,short_entry_threshold=80",0,-4.102185267504625,-0.02700732164132671,-0.074882374378334,81,test,-4.102185267504625,True,rsi_reversion_ls,rsi_reversion_ls,"rsi_window=7, long_entry_threshold=20, long_exit_threshold=50, short_entry_threshold=80","{""long_entry_threshold"": 20, ""long_exit_threshold"": 50, ""rsi_window"": 7, ""short_entry_threshold"": 80}",7,20,50,80
"rsi_reversion_ls|rsi_window=7,long_entry_threshold=20,long_exit_threshold=50,short_entry_threshold=80",1,1.643751345568542,0.005080430415826072,-0.021157191737928627,92,test,1.643751345568542,True,rsi_reversion_ls,rsi_reversion_ls,"rsi_window=7, long_entry_threshold=20, long_exit_threshold=50, short_entry_threshold=80","{""long_entry_threshold"": 20, ""long_exit_threshold"": 50, ""rsi_window"": 7, ""short_entry_threshold"": 80}",7,20,50,80
"rsi_reversion_ls|rsi_window=7,long_entry_threshold=20,long_exit_threshold=55,short_entry_threshold=70",0,-1.9855332492502737,-0.0160114063695313,-0.08910316459765444,113,test,-1.9855332492502737,True,rsi_reversion_ls,rsi_reversion_ls,"rsi_window=7, long_entry_threshold=20, long_exit_threshold=55, short_entry_threshold=70","{""long_entry_threshold"": 20, ""long_exit_threshold"": 55, ""rsi_window"": 7, ""short_entry_threshold"": 70}",7,20,55,70
"rsi_reversion_ls|rsi_window=7,long_entry_threshold=20,long_exit_threshold=55,short_entry_threshold=70",1,2.87106862825578,0.009476315754565007,-0.02448275948435008,120,test,2.87106862825578,True,rsi_reversion_ls,rsi_reversion_ls,"rsi_window=7, long_entry_threshold=20, long_exit_threshold=55, short_entry_threshold=70","{""long_entry_threshold"": 20, ""long_exit_threshold"": 55, ""rsi_window"": 7, ""short_entry_threshold"": 70}",7,20,55,70
"rsi_reversion_ls|rsi_window=7,long_entry_threshold=20,long_exit_threshold=55,short_entry_threshold=75",0,-0.19793774319651075,-0.0030507043459358555,-0.07251713744987787,100,test,-0.19793774319651075,True,rsi_reversion_ls,rsi_reversion_ls,"rsi_window=7, long_entry_threshold=20, long_exit_threshold=55, short_entry_threshold=75","{""long_entry_threshold"": 20, ""long_exit_threshold"": 55, ""rsi_window"": 7, ""short_entry_threshold"": 75}",7,20,55,75
"rsi_reversion_ls|rsi_window=7,long_entry_threshold=20,long_exit_threshold=55,short_entry_threshold=75",1,4.330115369629688,0.014210303515064424,-0.02385703847497811,108,test,4.330115369629688,True,rsi_reversion_ls,rsi_reversion_ls,"rsi_window=7, long_entry_threshold=20, long_exit_threshold=55, short_entry_threshold=75","{""long_entry_threshold"": 20, ""long_exit_threshold"": 55, ""rsi_window"": 7, ""short_entry_threshold"": 75}",7,20,55,75
"rsi_reversion_ls|rsi_window=7,long_entry_threshold=20,long_exit_threshold=55,short_entry_threshold=80",0,-3.6163955673850707,-0.02447244633181799,-0.07086380233507916,81,test,-3.6163955673850707,True,rsi_reversion_ls,rsi_reversion_ls,"rsi_window=7, long_entry_threshold=20, long_exit_threshold=55, short_entry_threshold=80","{""long_entry_threshold"": 20, ""long_exit_threshold"": 55, ""rsi_window"": 7, ""short_entry_threshold"": 80}",7,20,55,80
"rsi_reversion_ls|rsi_window=7,long_entry_threshold=20,long_exit_threshold=55,short_entry_threshold=80",1,4.90338344051468,0.015706612081609707,-0.020506943765419172,93,test,4.90338344051468,True,rsi_reversion_ls,rsi_reversion_ls,"rsi_window=7, long_entry_threshold=20, long_exit_threshold=55, short_entry_threshold=80","{""long_entry_threshold"": 20, ""long_exit_threshold"": 55, ""rsi_window"": 7, ""short_entry_threshold"": 80}",7,20,55,80
"rsi_reversion_ls|rsi_window=7,long_entry_threshold=25,long_exit_threshold=45,short_entry_threshold=70",0,-5.306865254669415,-0.04180138950043465,-0.10189791139536886,117,test,-5.306865254669415,True,rsi_reversion_ls,rsi_reversion_ls,"rsi_window=7, long_entry_threshold=25, long_exit_threshold=45, short_entry_threshold=70","{""long_entry_threshold"": 25, ""long_exit_threshold"": 45, ""rsi_window"": 7, ""short_entry_threshold"": 70}",7,25,45,70
"rsi_reversion_ls|rsi_window=7,long_entry_threshold=25,long_exit_threshold=45,short_entry_threshold=70",1,-7.704560394135181,-0.02922364650698205,-0.03554570180524963,124,test,-7.704560394135181,True,rsi_reversion_ls,rsi_reversion_ls,"rsi_window=7, long_entry_threshold=25, long_exit_threshold=45, short_entry_threshold=70","{""long_entry_threshold"": 25, ""long_exit_threshold"": 45, ""rsi_window"": 7, ""short_entry_threshold"": 70}",7,25,45,70
"rsi_reversion_ls|rsi_window=7,long_entry_threshold=25,long_exit_threshold=45,short_entry_threshold=75",0,-4.082626542121766,-0.03124649540713017,-0.08830724596713535,107,test,-4.082626542121766,True,rsi_reversion_ls,rsi_reversion_ls,"rsi_window=7, long_entry_threshold=25, long_exit_threshold=45, short_entry_threshold=75","{""long_entry_threshold"": 25, ""long_exit_threshold"": 45, ""rsi_window"": 7, ""short_entry_threshold"": 75}",7,25,45,75
"rsi_reversion_ls|rsi_window=7,long_entry_threshold=25,long_exit_threshold=45,short_entry_threshold=75",1,-6.022398903585405,-0.022584583483929124,-0.031297158106065925,114,test,-6.022398903585405,True,rsi_reversion_ls,rsi_reversion_ls,"rsi_window=7, long_entry_threshold=25, long_exit_threshold=45, short_entry_threshold=75","{""long_entry_threshold"": 25, ""long_exit_threshold"": 45, ""rsi_window"": 7, ""short_entry_threshold"": 75}",7,25,45,75
"rsi_reversion_ls|rsi_window=7,long_entry_threshold=25,long_exit_threshold=45,short_entry_threshold=80",0,-5.711226062291792,-0.04056203362432348,-0.08438646863881927,91,test,-5.711226062291792,True,rsi_reversion_ls,rsi_reversion_ls,"rsi_window=7, long_entry_threshold=25, long_exit_threshold=45, short_entry_threshold=80","{""long_entry_threshold"": 25, ""long_exit_threshold"": 45, ""rsi_window"": 7, ""short_entry_threshold"": 80}",7,25,45,80
"rsi_reversion_ls|rsi_window=7,long_entry_threshold=25,long_exit_threshold=45,short_entry_threshold=80",1,-6.458062635559788,-0.023375688598980558,-0.02870240715500849,101,test,-6.458062635559788,True,rsi_reversion_ls,rsi_reversion_ls,"rsi_window=7, long_entry_threshold=25, long_exit_threshold=45, short_entry_threshold=80","{""long_entry_threshold"": 25, ""long_exit_threshold"": 45, ""rsi_window"": 7, ""short_entry_threshold"": 80}",7,25,45,80
"rsi_reversion_ls|rsi_window=7,long_entry_threshold=25,long_exit_threshold=50,short_entry_threshold=70",0,-3.37076735087685,-0.026517530822536627,-0.0988714660013732,120,test,-3.37076735087685,True,rsi_reversion_ls,rsi_reversion_ls,"rsi_window=7, long_entry_threshold=25, long_exit_threshold=50, short_entry_threshold=70","{""long_entry_threshold"": 25, ""long_exit_threshold"": 50, ""rsi_window"": 7, ""short_entry_threshold"": 70}",7,25,50,70
"rsi_reversion_ls|rsi_window=7,long_entry_threshold=25,long_exit_threshold=50,short_entry_threshold=70",1,-3.1129376769608728,-0.011817662755477158,-0.02705007185497066,128,test,-3.1129376769608728,True,rsi_reversion_ls,rsi_reversion_ls,"rsi_window=7, long_entry_threshold=25, long_exit_threshold=50, short_entry_threshold=70","{""long_entry_threshold"": 25, ""long_exit_threshold"": 50, ""rsi_window"": 7, ""short_entry_threshold"": 70}",7,25,50,70
"rsi_reversion_ls|rsi_window=7,long_entry_threshold=25,long_exit_threshold=50,short_entry_threshold=75",0,-2.1349882571419974,-0.016644717993033284,-0.08270280082543957,108,test,-2.1349882571419974,True,rsi_reversion_ls,rsi_reversion_ls,"rsi_window=7, long_entry_threshold=25, long_exit_threshold=50, short_entry_threshold=75","{""long_entry_threshold"": 25, ""long_exit_threshold"": 50, ""rsi_window"": 7, ""short_entry_threshold"": 75}",7,25,50,75
"rsi_reversion_ls|rsi_window=7,long_entry_threshold=25,long_exit_threshold=50,short_entry_threshold=75",1,-1.9716465162330938,-0.007509776961382044,-0.024404865889322114,116,test,-1.9716465162330938,True,rsi_reversion_ls,rsi_reversion_ls,"rsi_window=7, long_entry_threshold=25, long_exit_threshold=50, short_entry_threshold=75","{""long_entry_threshold"": 25, ""long_exit_threshold"": 50, ""rsi_window"": 7, ""short_entry_threshold"": 75}",7,25,50,75
"rsi_reversion_ls|rsi_window=7,long_entry_threshold=25,long_exit_threshold=50,short_entry_threshold=80",0,-5.329594179239831,-0.035979483241371554,-0.08079391552619519,91,test,-5.329594179239831,True,rsi_reversion_ls,rsi_reversion_ls,"rsi_window=7, long_entry_threshold=25, long_exit_threshold=50, short_entry_threshold=80","{""long_entry_threshold"": 25, ""long_exit_threshold"": 50, ""rsi_window"": 7, ""short_entry_threshold"": 80}",7,25,50,80
"rsi_reversion_ls|rsi_window=7,long_entry_threshold=25,long_exit_threshold=50,short_entry_threshold=80",1,-1.7777460419872808,-0.0066036518714137175,-0.022687819432743672,102,test,-1.7777460419872808,True,rsi_reversion_ls,rsi_reversion_ls,"rsi_window=7, long_entry_threshold=25, long_exit_threshold=50, short_entry_threshold=80","{""long_entry_threshold"": 25, ""long_exit_threshold"": 50, ""rsi_window"": 7, ""short_entry_threshold"": 80}",7,25,50,80
"rsi_reversion_ls|rsi_window=7,long_entry_threshold=25,long_exit_threshold=55,short_entry_threshold=70",0,-4.494600785501837,-0.03472528494390576,-0.09684478398588336,122,test,-4.494600785501837,True,rsi_reversion_ls,rsi_reversion_ls,"rsi_window=7, long_entry_threshold=25, long_exit_threshold=55, short_entry_threshold=70","{""long_entry_threshold"": 25, ""long_exit_threshold"": 55, ""rsi_window"": 7, ""short_entry_threshold"": 70}",7,25,55,70
"rsi_reversion_ls|rsi_window=7,long_entry_threshold=25,long_exit_threshold=55,short_entry_threshold=70",1,0.48653715937278186,0.0012813011732258702,-0.02200531307076048,129,test,0.48653715937278186,True,rsi_reversion_ls,rsi_reversion_ls,"rsi_window=7, long_entry_threshold=25, long_exit_threshold=55, short_entry_threshold=70","{""long_entry_threshold"": 25, ""long_exit_threshold"": 55, ""rsi_window"": 7, ""short_entry_threshold"": 70}",7,25,55,70
"rsi_reversion_ls|rsi_window=7,long_entry_threshold=25,long_exit_threshold=55,short_entry_threshold=75",0,-2.8856983907297296,-0.022011074602712597,-0.07793014861033554,109,test,-2.8856983907297296,True,rsi_reversion_ls,rsi_reversion_ls,"rsi_window=7, long_entry_threshold=25, long_exit_threshold=55, short_entry_threshold=75","{""long_entry_threshold"": 25, ""long_exit_threshold"": 55, ""rsi_window"": 7, ""short_entry_threshold"": 75}",7,25,55,75
"rsi_reversion_ls|rsi_window=7,long_entry_threshold=25,long_exit_threshold=55,short_entry_threshold=75",1,1.8166725614393395,0.005976858018488088,-0.020863231753699307,117,test,1.8166725614393395,True,rsi_reversion_ls,rsi_reversion_ls,"rsi_window=7, long_entry_threshold=25, long_exit_threshold=55, short_entry_threshold=75","{""long_entry_threshold"": 25, ""long_exit_threshold"": 55, ""rsi_window"": 7, ""short_entry_threshold"": 75}",7,25,55,75
"rsi_reversion_ls|rsi_window=7,long_entry_threshold=25,long_exit_threshold=55,short_entry_threshold=80",0,-6.323984427642754,-0.043025409550575315,-0.0806550004442046,90,test,-6.323984427642754,True,rsi_reversion_ls,rsi_reversion_ls,"rsi_window=7, long_entry_threshold=25, long_exit_threshold=55, short_entry_threshold=80","{""long_entry_threshold"": 25, ""long_exit_threshold"": 55, ""rsi_window"": 7, ""short_entry_threshold"": 80}",7,25,55,80
"rsi_reversion_ls|rsi_window=7,long_entry_threshold=25,long_exit_threshold=55,short_entry_threshold=80",1,2.2843247932546564,0.0074610194248386965,-0.02015091063177099,102,test,2.2843247932546564,True,rsi_reversion_ls,rsi_reversion_ls,"rsi_window=7, long_entry_threshold=25, long_exit_threshold=55, short_entry_threshold=80","{""long_entry_threshold"": 25, ""long_exit_threshold"": 55, ""rsi_window"": 7, ""short_entry_threshold"": 80}",7,25,55,80
"rsi_reversion_ls|rsi_window=7,long_entry_threshold=30,long_exit_threshold=45,short_entry_threshold=70",0,-6.371188156002569,-0.05111325545245654,-0.10835223673716943,135,test,-6.371188156002569,True,rsi_reversion_ls,rsi_reversion_ls,"rsi_window=7, long_entry_threshold=30, long_exit_threshold=45, short_entry_threshold=70","{""long_entry_threshold"": 30, ""long_exit_threshold"": 45, ""rsi_window"": 7, ""short_entry_threshold"": 70}",7,30,45,70
"rsi_reversion_ls|rsi_window=7,long_entry_threshold=30,long_exit_threshold=45,short_entry_threshold=70",1,-9.544020089115234,-0.036598630201913465,-0.04134827400924901,137,test,-9.544020089115234,True,rsi_reversion_ls,rsi_reversion_ls,"rsi_window=7, long_entry_threshold=30, long_exit_threshold=45, short_entry_threshold=70","{""long_entry_threshold"": 30, ""long_exit_threshold"": 45, ""rsi_window"": 7, ""short_entry_threshold"": 70}",7,30,45,70
"rsi_reversion_ls|rsi_window=7,long_entry_threshold=30,long_exit_threshold=45,short_entry_threshold=75",0,-5.225334775342079,-0.040660934831766554,-0.09485924236147836,125,test,-5.225334775342079,True,rsi_reversion_ls,rsi_reversion_ls,"rsi_window=7, long_entry_threshold=30, long_exit_threshold=45, short_entry_threshold=75","{""long_entry_threshold"": 30, ""long_exit_threshold"": 45, ""rsi_window"": 7, ""short_entry_threshold"": 75}",7,30,45,75
"rsi_reversion_ls|rsi_window=7,long_entry_threshold=30,long_exit_threshold=45,short_entry_threshold=75",1,-7.9221133186647945,-0.030010004111495393,-0.03743400673760522,127,test,-7.9221133186647945,True,rsi_reversion_ls,rsi_reversion_ls,"rsi_window=7, long_entry_threshold=30, long_exit_threshold=45, short_entry_threshold=75","{""long_entry_threshold"": 30, ""long_exit_threshold"": 45, ""rsi_window"": 7, ""short_entry_threshold"": 75}",7,30,45,75
"rsi_reversion_ls|rsi_window=7,long_entry_threshold=30,long_exit_threshold=45,short_entry_threshold=80",0,-6.842804249521929,-0.049885943755557605,-0.09096664220009143,109,test,-6.842804249521929,True,rsi_reversion_ls,rsi_reversion_ls,"rsi_window=7, long_entry_threshold=30, long_exit_threshold=45, short_entry_threshold=80","{""long_entry_threshold"": 30, ""long_exit_threshold"": 45, ""rsi_window"": 7, ""short_entry_threshold"": 80}",7,30,45,80
"rsi_reversion_ls|rsi_window=7,long_entry_threshold=30,long_exit_threshold=45,short_entry_threshold=80",1,-8.405201170497277,-0.030795099204463668,-0.036839229696333464,114,test,-8.405201170497277,True,rsi_reversion_ls,rsi_reversion_ls,"rsi_window=7, long_entry_threshold=30, long_exit_threshold=45, short_entry_threshold=80","{""long_entry_threshold"": 30, ""long_exit_threshold"": 45, ""rsi_window"": 7, ""short_entry_threshold"": 80}",7,30,45,80
"rsi_reversion_ls|rsi_window=7,long_entry_threshold=30,long_exit_threshold=50,short_entry_threshold=70",0,-5.6628753593452394,-0.04446183393424724,-0.10136376954573667,131,test,-5.6628753593452394,True,rsi_reversion_ls,rsi_reversion_ls,"rsi_window=7, long_entry_threshold=30, long_exit_threshold=50, short_entry_threshold=70","{""long_entry_threshold"": 30, ""long_exit_threshold"": 50, ""rsi_window"": 7, ""short_entry_threshold"": 70}",7,30,50,70
"rsi_reversion_ls|rsi_window=7,long_entry_threshold=30,long_exit_threshold=50,short_entry_threshold=70",1,-5.519571289362765,-0.020938873328750333,-0.03305802015758608,137,test,-5.519571289362765,True,rsi_reversion_ls,rsi_reversion_ls,"rsi_window=7, long_entry_threshold=30, long_exit_threshold=50, short_entry_threshold=70","{""long_entry_threshold"": 30, ""long_exit_threshold"": 50, ""rsi_window"": 7, ""short_entry_threshold"": 70}",7,30,50,70
"rsi_reversion_ls|rsi_window=7,long_entry_threshold=30,long_exit_threshold=50,short_entry_threshold=75",0,-4.577726395793636,-0.034771007685487916,-0.08583044877889634,119,test,-4.577726395793636,True,rsi_reversion_ls,rsi_reversion_ls,"rsi_window=7, long_entry_threshold=30, long_exit_threshold=50, short_entry_threshold=75","{""long_entry_threshold"": 30, ""long_exit_threshold"": 50, ""rsi_window"": 7, ""short_entry_threshold"": 75}",7,30,50,75
"rsi_reversion_ls|rsi_window=7,long_entry_threshold=30,long_exit_threshold=50,short_entry_threshold=75",1,-4.449639934774278,-0.016670750574301223,-0.032456383974134195,125,test,-4.449639934774278,True,rsi_reversion_ls,rsi_reversion_ls,"rsi_window=7, long_entry_threshold=30, long_exit_threshold=50, short_entry_threshold=75","{""long_entry_threshold"": 30, ""long_exit_threshold"": 50, ""rsi_window"": 7, ""short_entry_threshold"": 75}",7,30,50,75
"rsi_reversion_ls|rsi_window=7,long_entry_threshold=30,long_exit_threshold=50,short_entry_threshold=80",0,-7.775422511798729,-0.05374937320481615,-0.08333621720226103,102,test,-7.775422511798729,True,rsi_reversion_ls,rsi_reversion_ls,"rsi_window=7, long_entry_threshold=30, long_exit_threshold=50, short_entry_threshold=80","{""long_entry_threshold"": 30, ""long_exit_threshold"": 50, ""rsi_window"": 7, ""short_entry_threshold"": 80}",7,30,50,80
"rsi_reversion_ls|rsi_window=7,long_entry_threshold=30,long_exit_threshold=50,short_entry_threshold=80",1,-4.330657294057018,-0.015772989282632467,-0.029384347913938402,111,test,-4.330657294057018,True,rsi_reversion_ls,rsi_reversion_ls,"rsi_window=7, long_entry_threshold=30, long_exit_threshold=50, short_entry_threshold=80","{""long_entry_threshold"": 30, ""long_exit_threshold"": 50, ""rsi_window"": 7, ""short_entry_threshold"": 80}",7,30,50,80
"rsi_reversion_ls|rsi_window=7,long_entry_threshold=30,long_exit_threshold=55,short_entry_threshold=70",0,-7.148750766022259,-0.05597455935145353,-0.10015195776998764,131,test,-7.148750766022259,True,rsi_reversion_ls,rsi_reversion_ls,"rsi_window=7, long_entry_threshold=30, long_exit_threshold=55, short_entry_threshold=70","{""long_entry_threshold"": 30, ""long_exit_threshold"": 55, ""rsi_window"": 7, ""short_entry_threshold"": 70}",7,30,55,70
"rsi_reversion_ls|rsi_window=7,long_entry_threshold=30,long_exit_threshold=55,short_entry_threshold=70",1,-0.7435600168924519,-0.0032450181544505766,-0.02734195531149486,138,test,-0.7435600168924519,True,rsi_reversion_ls,rsi_reversion_ls,"rsi_window=7, long_entry_threshold=30, long_exit_threshold=55, short_entry_threshold=70","{""long_entry_threshold"": 30, ""long_exit_threshold"": 55, ""rsi_window"": 7, ""short_entry_threshold"": 70}",7,30,55,70
"rsi_reversion_ls|rsi_window=7,long_entry_threshold=30,long_exit_threshold=55,short_entry_threshold=75",0,-5.719650330971436,-0.04354023590691418,-0.0931006437419587,118,test,-5.719650330971436,True,rsi_reversion_ls,rsi_reversion_ls,"rsi_window=7, long_entry_threshold=30, long_exit_threshold=55, short_entry_threshold=75","{""long_entry_threshold"": 30, ""long_exit_threshold"": 55, ""rsi_window"": 7, ""short_entry_threshold"": 75}",7,30,55,75
"rsi_reversion_ls|rsi_window=7,long_entry_threshold=30,long_exit_threshold=55,short_entry_threshold=75",1,0.5261053212149357,0.0014293122985114906,-0.028171202813137675,126,test,0.5261053212149357,True,rsi_reversion_ls,rsi_reversion_ls,"rsi_window=7, long_entry_threshold=30, long_exit_threshold=55, short_entry_threshold=75","{""long_entry_threshold"": 30, ""long_exit_threshold"": 55, ""rsi_window"": 7, ""short_entry_threshold"": 75}",7,30,55,75
"rsi_reversion_ls|rsi_window=7,long_entry_threshold=30,long_exit_threshold=55,short_entry_threshold=80",0,-9.116206790906888,-0.06409196744992744,-0.09210257011694811,99,test,-9.116206790906888,True,rsi_reversion_ls,rsi_reversion_ls,"rsi_window=7, long_entry_threshold=30, long_exit_threshold=55, short_entry_threshold=80","{""long_entry_threshold"": 30, ""long_exit_threshold"": 55, ""rsi_window"": 7, ""short_entry_threshold"": 80}",7,30,55,80
"rsi_reversion_ls|rsi_window=7,long_entry_threshold=30,long_exit_threshold=55,short_entry_threshold=80",1,0.9485580447710763,0.002906764512897098,-0.02858991764186014,111,test,0.9485580447710763,True,rsi_reversion_ls,rsi_reversion_ls,"rsi_window=7, long_entry_threshold=30, long_exit_threshold=55, short_entry_threshold=80","{""long_entry_threshold"": 30, ""long_exit_threshold"": 55, ""rsi_window"": 7, ""short_entry_threshold"": 80}",7,30,55,80
